molecule_chembl_id,canonical_smiles,standard_value,bioactivity_class
CHEMBL115220,O=C(Cc1ccc2ccccc2c1)Nc1cc(C2CC2)n[nH]1,10000.0,inactive
CHEMBL6246,O=c1oc2c(O)c(O)cc3c(=O)oc4c(O)c(O)cc1c4c23,40000.0,inactive
CHEMBL402548,CO[C@@H](C(=O)N1Cc2[nH]nc(NC(=O)c3ccc(N4CCN(C)CC4)cc3)c2C1)c1ccccc1,31.0,active
CHEMBL373882,CNc1ncnc(-c2cccnc2Oc2ccc(F)c(C(=O)Nc3cc(C(F)(F)F)ccc3N(C)CCCN(C)C)c2)n1,8300.0,intermediate
CHEMBL223360,Cc1ccc(F)c(NC(=O)Nc2ccc(-c3cccc4[nH]nc(N)c34)cc2)c1,1900.0,intermediate
CHEMBL236928,Oc1cc(Nc2ccnc3cc(-c4ccc(CN5CCOCC5)o4)c(Cl)cc23)c(Cl)cc1F,1000.0,active
CHEMBL399208,Cc1ccc(O)cc1Nc1ccnc2cc(-c3csc(CN4CCOCC4)n3)c(S(C)(=O)=O)cc12,34.0,active
CHEMBL237557,Oc1cc(Nc2ccnc3cc(-c4cc5ccccc5o4)ccc23)ccc1Br,85.0,active
CHEMBL237347,Cc1ccc(O)cc1Nc1ccnc2ccc(S(C)(=O)=O)cc12,3.0,active
CHEMBL395359,Cc1ccc(O)cc1Nc1ccnc2ccc(S(=O)(=O)NCC3CC3)cc12,90.0,active
CHEMBL237346,Cc1ccc(O)cc1Nc1ccnc2ccc(C(=O)NC(C)C)cc12,95.0,active
CHEMBL237345,Cc1ccc(O)cc1Nc1ccnc2ccc(-c3cccnc3)cc12,80.0,active
CHEMBL237344,Oc1cccc(Nc2ccnc3cc(-c4ccccn4)ccc23)c1,6.0,active
CHEMBL395358,Cc1ccc(O)cc1Nc1ccnc2cc(-c3ccccn3)ccc12,75.0,active
CHEMBL237128,OCc1nc(-c2ccc3c(Nc4cc(O)c(F)cc4Cl)ccnc3c2)cs1,25.0,active
CHEMBL237127,Cc1ccc(O)cc1Nc1ccnc2cc(-c3csc(C=O)n3)ccc12,25.0,active
CHEMBL237126,Oc1cc(Nc2ccnc3cc(-c4cccc(CNCCN5CCOCC5)c4)ccc23)c(F)cc1Cl,75.0,active
CHEMBL393115,Cc1ccc(O)cc1Nc1cc(C(F)(F)F)nc2cc(-c3ccncc3)ccc12,1000.0,active
CHEMBL392856,Oc1cccc(Nc2c(Cl)cnc3cc(-c4cncs4)ccc23)c1,100.0,active
CHEMBL391567,COc1cc2c(cc1OC)/C(=C\c1ccc(O)cc1)C(=O)N2,170.0,active
CHEMBL247713,COc1cc2c(cc1OC)/C(=C\c1ccc(NC(=O)N3CCN(C)CC3)cc1)C(=O)N2,3000.0,intermediate
CHEMBL396098,COc1cc2c(cc1OC)/C(=C\c1ccc(NC(=O)Nc3ccc(O)cc3)cc1)C(=O)N2,50.0,active
CHEMBL246685,COc1cc2c(cc1OC)/C(=C\c1ccc(NC(=O)Nc3ccccc3)cc1)C(=O)N2,200.0,active
CHEMBL246064,COc1ccc(NC(=O)Nc2ccc(/C=C3/C(=O)Nc4cc(OC)c(OC)cc43)cc2)cc1,580.0,active
CHEMBL400906,CNCc1cncc(-c2cnc3[nH]nc(-c4nc5cc(OC(F)(F)F)ccc5[nH]4)c3c2)c1,100000.0,inactive
CHEMBL400568,CCCNCc1cncc(-c2cnc3[nH]nc(-c4nc5c(COC)cccc5[nH]4)c3c2)c1,10000.0,inactive
CHEMBL251740,COCc1cccc2[nH]c(-c3nn(C)c4ncc(-c5cncc6ccccc56)cc34)nc12,100000.0,inactive
CHEMBL249501,O=C(O)c1cccc2[nH]c(-c3n[nH]c4ncc(-c5cncc6ccccc56)cc34)nc12,100000.0,inactive
CHEMBL399042,COC(=O)c1cccc2[nH]c(-c3n[nH]c4ncc(-c5cncc6ccccc56)cc34)nc12,100000.0,inactive
CHEMBL401064,CC(C)NCc1cccc2[nH]c(-c3n[nH]c4ncc(-c5cncc6ccccc56)cc34)nc12,100000.0,inactive
CHEMBL249302,COCc1cccc2[nH]c(-c3n[nH]c4ncc(-c5cncnc5)cc34)nc12,100000.0,inactive
CHEMBL249096,COCc1cccc2[nH]c(-c3n[nH]c4ncc(-c5ccncc5)cc34)nc12,100000.0,inactive
CHEMBL249095,COCc1cccc2[nH]c(-c3n[nH]c4ncc(-c5cnc6ccccc6c5)cc34)nc12,100000.0,inactive
CHEMBL249094,CC(C)OCc1cccc2[nH]c(-c3n[nH]c4ncc(-c5cncc6ccccc56)cc34)nc12,100000.0,inactive
CHEMBL248891,COCc1cccc2[nH]c(-c3n[nH]c4ncc(-c5cncc6ccccc56)cc34)nc12,10000.0,inactive
CHEMBL248890,OCc1cccc2[nH]c(-c3n[nH]c4ncc(-c5cncc6ccccc56)cc34)nc12,100000.0,inactive
CHEMBL249519,CCNCc1cncc(-c2cnc3[nH]nc(-c4nc5c(COC)cccc5[nH]4)c3c2)c1C,10000.0,inactive
CHEMBL249518,COCc1cccc2[nH]c(-c3n[nH]c4ncc(-c5cncc(CN(C)C)c5)cc34)nc12,3230.0,intermediate
CHEMBL429478,CCNCc1cncc(-c2cnc3[nH]nc(-c4nc5cc(OC)ccc5[nH]4)c3c2)c1,1000.0,active
CHEMBL248713,CCNCc1cncc(-c2cnc3[nH]nc(-c4nc5cc(F)ccc5[nH]4)c3c2)c1,110.0,active
CHEMBL248712,CCNCc1cncc(-c2cnc3[nH]nc(-c4nc5cc(F)c(F)cc5[nH]4)c3c2)c1,390.0,active
CHEMBL400569,CCNCc1cncc(-c2cnc3[nH]nc(-c4nc5cc(N6CCN(C)CC6)ccc5[nH]4)c3c2)c1,140.0,active
CHEMBL400749,CNCc1cncc(-c2cnc3[nH]nc(-c4nc5c(COC)cccc5[nH]4)c3c2)c1,1000.0,active
CHEMBL251739,CCN(CC)C(=O)c1cccc2[nH]c(-c3n[nH]c4ncc(-c5cncc6ccccc56)cc34)nc12,1230.0,intermediate
CHEMBL249502,CC(C)NC(=O)c1cccc2[nH]c(-c3n[nH]c4ncc(-c5cncc6ccccc56)cc34)nc12,410.0,active
CHEMBL249500,c1ccc2c(-c3cnc4[nH]nc(-c5nc6cc(N7CCOCC7)ccc6[nH]5)c4c3)cncc2c1,1000.0,active
CHEMBL249304,CN1CCN(c2ccc3[nH]c(-c4n[nH]c5ncc(-c6cncc7ccccc67)cc45)nc3c2)CC1,1000.0,active
CHEMBL249303,CCN(CC)Cc1cccc2[nH]c(-c3n[nH]c4ncc(-c5cncc6ccccc56)cc34)nc12,1000.0,active
CHEMBL400859,COCc1cccc2[nH]c(-c3n[nH]c4ncc(-c5cccnc5)cc34)nc12,1100.0,intermediate
CHEMBL509032,COc1cc(N2CCC(N3CCN(C)CC3)CC2)ccc1Nc1ncc(Cl)c(Nc2ccccc2S(=O)(=O)C(C)C)n1,1385.0,intermediate
CHEMBL601719,C[C@@H](Oc1cc(-c2cnn(C3CCNCC3)c2)cnc1N)c1c(Cl)ccc(F)c1Cl,10000.0,inactive
CHEMBL524266,Nc1nccc(-c2cc3c([nH]2)[C@@H](CCF)CNC3=O)n1,4000.0,intermediate
CHEMBL495727,O=C(Nc1c[nH]nc1-c1nc2ccc(CN3CCOCC3)cc2[nH]1)NC1CC1,1.0,active
CHEMBL388978,CN[C@@H]1C[C@H]2O[C@@](C)([C@@H]1OC)n1c3ccccc3c3c4c(c5c6ccccc6n2c5c31)C(=O)NC4,0.46,active
CHEMBL461162,COc1cc2[nH]c3c(=O)[nH]cc(-c4ccc(O)cc4)c3c2cc1OC,110.0,active
CHEMBL461340,COc1cc2c3c(-c4ccc(O)cc4)c[nH]c(=O)c3n(C)c2cc1OC,60.0,active
CHEMBL512392,Cn1c2ccccc2c2c(-c3ccc(O)cc3)c[nH]c(=O)c21,480.0,active
CHEMBL461341,COc1ccc2c(c1)c1c(-c3ccc(O)cc3)c[nH]c(=O)c1n2C,600.0,active
CHEMBL512393,COc1cc2c3ccn(Cc4ccccc4)c(=O)c3n(C)c2cc1OC,600.0,active
CHEMBL501371,COc1cc2c3c(C)c[nH]c(=O)c3n(C)c2cc1OC,600.0,active
CHEMBL515871,COc1cc2c3c(-c4ccccc4)c[nH]c(=O)c3n(C)c2cc1OC,250.0,active
CHEMBL473101,COc1cc2c3c(-c4cccc(O)c4)c[nH]c(=O)c3n(C)c2cc1OC,90.0,active
CHEMBL458440,Cl.N[C@@H](CCCCN/C=C1\C(=O)Nc2ccccc21)C(=O)O,10000.0,inactive
CHEMBL458441,Cl.N[C@@H](CCCCN/C=C1\C(=O)Nc2ccc(Br)cc21)C(=O)O,10000.0,inactive
CHEMBL503236,Cl.N[C@@H](CCCN/C=C1\C(=O)Nc2ccc(Br)cc21)C(=O)O,10000.0,inactive
CHEMBL458352,Cl.N[C@@H](CCCN/C=C1\C(=O)Nc2ccccc21)C(=O)O,10000.0,inactive
CHEMBL564829,CNC(=O)c1nn(C)c2c1C(C)(C)Cc1cnc(Nc3ccc(N4CCN(C)CC4)cc3)nc1-2,1933.0,intermediate
CHEMBL571040,C=CC(=O)N1CCC[C@H]1C(=O)Nc1cc2c(Nc3cccc(Cl)c3F)ncnc2cc1OCCOC,700.0,active
CHEMBL569880,C=CC(=O)N1CCC[C@H]1C(=O)Nc1cc2c(Nc3ccc(F)c(Cl)c3F)ncnc2cc1OCCOC,100.0,active
CHEMBL565612,CN1CCN(c2nc(C3=C(c4c[nH]c5ccccc45)C(=O)NC3=O)c3ccccc3n2)CC1,10000.0,inactive
CHEMBL86943,CCOC(=O)c1c(C)[nH]c(/C=C2\C(=O)Nc3ccccc32)c1C,760.0,active
CHEMBL592651,O=C1Nc2cccc(Br)c2/C1=C/c1cc2c([nH]1)CCCC2,1700.0,intermediate
CHEMBL597366,CN(C)c1ccc(/C=C2\C(=O)Nc3ccccc32)c2ccccc12,45000.0,inactive
CHEMBL535,CCN(CC)CCNC(=O)c1c(C)[nH]c(/C=C2\C(=O)Nc3ccc(F)cc32)c1C,1300.0,intermediate
CHEMBL258805,COc1ccc2c(c1)/C(=C/c1cnc[nH]1)C(=O)N2,1600.0,intermediate
CHEMBL2062155,Cc1cc(C)c(/C=C2\C(=O)Nc3ccc(Cl)cc32)[nH]1,1000.0,active
CHEMBL605003,CN(C)S(=O)(=O)c1ccc2c(c1)/C(=C/c1cc3c([nH]1)CCCC3)C(=O)N2,770.0,active
CHEMBL315546,O=CN1CCN(c2ccc(/C=C3\C(=O)Nc4ccccc43)cc2)CC1,1100.0,intermediate
CHEMBL276711,Cc1cc(C)c(/C=C2\C(=O)Nc3ccccc32)[nH]1,170.0,active
CHEMBL86755,O=C1Nc2ccccc2/C1=C/c1ccc[nH]1,460.0,active
CHEMBL103307,O=C1Nc2ccccc2/C1=C\c1ccc(O)cc1,2300.0,intermediate
CHEMBL328710,CN(C)c1ccc(/C=C2\C(=O)Nc3ccccc32)cc1,100000.0,inactive
CHEMBL89040,Cc1cccc2c1/C(=C/c1ccc(N3CCN(C=O)CC3)cc1)C(=O)N2,3700.0,intermediate
CHEMBL597960,Cc1cccc2c1/C(=C/c1ccc(N(C)C)c3ccccc13)C(=O)N2,210.0,active
CHEMBL599192,Cc1cccc2c1/C(=C/c1ccc(-c3ccccc3)cc1)C(=O)N2,23000.0,inactive
CHEMBL90277,Cc1cccc2c1/C(=C/c1ccc(N3CCOCC3)cc1)C(=O)N2,100000.0,inactive
CHEMBL598991,Cc1cc(C)c(/C=C2\C(=O)Nc3ccc(NC(=O)c4ccc(CN5CCN(C)CC5)cc4)cc32)[nH]1,5900.0,intermediate
CHEMBL597177,Nc1ccc2c(c1)/C(=C\c1ccc(-c3ccoc3)o1)C(=O)N2,34000.0,inactive
CHEMBL597176,Nc1ccc2c(c1)/C(=C\c1ccc(Br)o1)C(=O)N2,66000.0,inactive
CHEMBL596974,CCN(CC)c1ccc(/C=C2/C(=O)Nc3ccc(N)cc32)cc1,1000.0,active
CHEMBL608424,COc1ccc(/C=C2/C(=O)Nc3ccc(N)cc32)cc1,63000.0,inactive
CHEMBL591696,COc1ccc(/C=C2\C(=O)Nc3ccc(N)cc32)cc1,5300.0,intermediate
CHEMBL597181,Cc1cc(C)c(/C=C2\C(=O)Nc3ccc(N)cc32)[nH]1,300.0,active
CHEMBL232144,Nc1ccc2c(c1)/C(=C/c1ccc[nH]1)C(=O)N2,460.0,active
CHEMBL603491,O=C1Nc2ccc([N+](=O)[O-])cc2/C1=C\c1ccc(-c2ccsc2)o1,78000.0,inactive
CHEMBL601232,O=C1Nc2ccc([N+](=O)[O-])cc2/C1=C\c1ccc(-c2ccoc2)o1,12000.0,inactive
CHEMBL602074,Cc1cc(C)c(/C=C2\C(=O)Nc3ccc(-c4cccnc4)cc32)[nH]1,580.0,active
CHEMBL602073,Cc1cc(C)c(/C=C2\C(=O)Nc3ccc(-c4occc4C)cc32)[nH]1,1100.0,intermediate
CHEMBL601871,Cn1nccc1-c1ccc2c(c1)/C(=C/c1ccc[nH]1)C(=O)N2,20000.0,inactive
CHEMBL599809,O=C1Nc2ccc(-c3ccco3)cc2/C1=C/c1ccc[nH]1,40000.0,inactive
CHEMBL607581,O=C1Nc2ccc([N+](=O)[O-])cc2/C1=C\c1ccc(Br)o1,22000.0,inactive
CHEMBL599808,O=C1Nc2ccc([N+](=O)[O-])cc2/C1=C/c1c[nH]c2ccccc12,7500.0,intermediate
CHEMBL599807,Cc1cc(C)c(/C=C2\C(=O)Nc3ccc(Br)cc32)[nH]1,1400.0,intermediate
CHEMBL89483,Cc1ccc2c(c1)/C(=C/c1[nH]c(C)cc1C)C(=O)N2,8000.0,intermediate
CHEMBL233373,Cc1ccc2c(c1)/C(=C/c1ccc[nH]1)C(=O)N2,66000.0,inactive
CHEMBL606334,COc1cccc2c1NC(=O)/C2=C\c1[nH]c(C)cc1C,5500.0,intermediate
CHEMBL597345,COc1ccc2c(c1)/C(=C/c1[nH]c(C)cc1C)C(=O)N2,4100.0,intermediate
CHEMBL605000,Cc1cc(C)c(/C=C2\C(=O)Nc3ccc(OC(F)(F)F)cc32)[nH]1,2000.0,intermediate
CHEMBL599224,CC(=O)N1CCC(Nc2ncc3c(n2)-c2c(c(C(N)=O)nn2C)CC3)CC1,10000.0,inactive
CHEMBL599428,Cn1nc(C(N)=O)c2c1-c1nc(NC3CCN(C(=O)c4ccccc4)CC3)ncc1CC2,10000.0,inactive
CHEMBL597754,CNC(=O)c1nn(C)c2c1CCc1cnc(NC3CCN(C(=O)C4CCN(S(C)(=O)=O)CC4)CC3)nc1-2,10000.0,inactive
CHEMBL598797,C#Cc1cccc(Nc2ncnc3cc(OC)c(OCCCCCCC(=O)NO)cc23)c1,3200.0,intermediate
CHEMBL598626,CC(C)(C)c1cc(NC(=O)c2cccc(Oc3cccc4[nH]c(=O)[nH]c34)c2)n(-c2ccccc2)n1,202.0,active
CHEMBL602123,O=C(Nc1cc(Oc2cccc3[nH]c(=O)[nH]c23)c(F)c(F)c1F)c1cccc(OC(F)(F)F)c1,237.0,active
CHEMBL597592,CC(C)(C)c1cc(NC(=O)Nc2cccc(Oc3cccc4[nH]c(=O)[nH]c34)c2)n(-c2ccccc2)n1,698.0,active
CHEMBL1230607,CC(C)CC(=O)Nc1n[nH]c2c1CN(C(=O)C1CCN(C)CC1)C2(C)C,10000.0,inactive
CHEMBL604712,CC(C)(C)C(=O)N1Cc2c(NC(=O)c3cc(F)cc(F)c3)n[nH]c2C1(C)C,10000.0,inactive
CHEMBL1094408,COc1ccc(N2CCN(C)CC2)cc1Nc1ncc2c(n1)-c1c(c(C(N)=O)nn1C)CC2,10000.0,inactive
CHEMBL1085511,CC(C)COC(=O)Nc1ccc(-c2cnc3c(-c4ccc(N5CCN(C)CC5)cc4)cnn3c2N)cc1,4700.0,intermediate
CHEMBL1170353,N#Cc1c(SCc2ccccc2)nc2c(c1-c1ccsc1)CCCC2,8000.0,intermediate
CHEMBL1170354,N#Cc1c(SCc2ccc(Cl)cc2)nc2c(c1-c1ccsc1)CCCC2,10000.0,inactive
CHEMBL1170563,N#Cc1c(SCC(=O)c2ccccc2)nc2c(c1-c1ccsc1)CCCC2,2300.0,intermediate
CHEMBL1170564,N#Cc1c(SCC(=O)c2ccc(Cl)cc2)nc2c(c1-c1ccsc1)CCCC2,8600.0,intermediate
CHEMBL1172300,N#Cc1c(SCC(=O)Nc2ccc(Cl)cc2)nc2c(c1-c1ccsc1)CCCC2,14000.0,inactive
CHEMBL1170550,CN1CCc2nc(SCC(=O)c3ccc(Cl)cc3)c(C#N)c(-c3ccsc3)c2C1,27000.0,inactive
CHEMBL1170551,N#Cc1c(N)nc(SCc2ccccc2)c(C#N)c1-c1ccsc1,19000.0,inactive
CHEMBL1170552,N#Cc1c(N)nc(SCc2ccc(Cl)cc2)c(C#N)c1-c1ccsc1,8300.0,intermediate
CHEMBL1170760,COc1ccc(CSc2nc(N)c(C#N)c(-c3ccsc3)c2C#N)cc1,13000.0,inactive
CHEMBL1171520,Cc1ccc(CSc2nc(N)c(C#N)c(-c3ccsc3)c2C#N)cc1,11000.0,inactive
CHEMBL1169812,N#Cc1c(N)nc(SCc2ccc(Cl)c(Cl)c2)c(C#N)c1-c1ccsc1,9200.0,intermediate
CHEMBL1171960,N#Cc1c(N)nc(SCC(=O)c2ccccc2)c(C#N)c1-c1ccsc1,3400.0,intermediate
CHEMBL1172147,N#Cc1c(N)nc(SCC(=O)c2ccc(Cl)cc2)c(C#N)c1-c1ccsc1,690.0,active
CHEMBL1172148,COc1ccc(C(=O)CSc2nc(N)c(C#N)c(-c3ccsc3)c2C#N)cc1,3600.0,intermediate
CHEMBL1170217,Cc1ccc(C(=O)CSc2nc(N)c(C#N)c(-c3ccsc3)c2C#N)cc1,5000.0,intermediate
CHEMBL1170218,N#Cc1ccc(C(=O)CSc2nc(N)c(C#N)c(-c3ccsc3)c2C#N)cc1,39000.0,inactive
CHEMBL1172696,N#Cc1c(N)nc(SCC(=O)c2ccc(C(F)(F)F)cc2)c(C#N)c1-c1ccsc1,3600.0,intermediate
CHEMBL1171688,N#Cc1c(N)nc(SCC(=O)c2cccc(Cl)c2)c(C#N)c1-c1ccsc1,26000.0,inactive
CHEMBL1172697,N#Cc1c(SCc2ccc(F)cc2)nc2c(c1-c1cccs1)CCCC2,4800.0,intermediate
CHEMBL1171912,N#Cc1c(SCc2ccccc2)nc2c(c1-c1cccs1)CCCC2,1600.0,intermediate
CHEMBL24828,COc1cc2/c(=N/c3ccc(Br)cc3F)nc[nH]c2cc1OCC1CCN(C)CC1,97.0,active
CHEMBL225519,O=C1NCCc2[nH]c(-c3ccncc3)cc21,10000.0,inactive
CHEMBL1081312,Nc1ncnc2c1c(-c1cnc3[nH]ccc3c1)nn2C1CCCC1,1.0,active
CHEMBL939,COc1cc2ncnc(Nc3ccc(F)c(Cl)c3)c2cc1OCCCN1CCOCC1,1700.0,intermediate
CHEMBL1421,Cc1nc(Nc2ncc(C(=O)Nc3c(C)cccc3Cl)s2)cc(N2CCN(CCO)CC2)n1,2100.0,intermediate
CHEMBL1336,CNC(=O)c1cc(Oc2ccc(NC(=O)Nc3ccc(Cl)c(C(F)(F)F)c3)cc2)ccn1,9.0,active
CHEMBL1258913,O=C(Nc1n[nH]c2cc(C(=O)N[C@H](CN3CCCC3)c3ccccc3)sc12)c1ccc(N2CCOCC2)cc1,113.0,active
CHEMBL1270230,NC(=O)c1cc(-c2ccnc(N)n2)[nH]c1-c1ccccc1,10000.0,inactive
CHEMBL1276179,CN1C[C@@H]2C[C@H]1CN2c1cc(F)c(-c2ccnc3c(-c4cccc5[nH]ncc45)c(-c4ccncc4)nn23)c(F)c1,160.0,active
CHEMBL2012519,COc1cc(O)c2c(c1)CCC[C@H](O)[C@H](O)C(=O)/C=C\C[C@H](C)OC2=O,10000.0,inactive
CHEMBL1651521,COc1cc(O)c2c(c1)CCC[C@H](O)CC(=O)/C=C\C[C@H](C)OC2=O,7200.0,intermediate
CHEMBL1651522,COc1cc(O)c2c(c1)CCC[C@H](O)CC(=O)/C=C/C[C@H](C)OC2=O,10000.0,inactive
CHEMBL1651523,COc1cc(O)c2c(c1)CCCCCC(=O)/C=C\C[C@H](C)OC2=O,10000.0,inactive
CHEMBL1681932,CCNC(=O)Nc1ccc(Oc2ncnc(N)c2/C=N/OC)cc1Cl,183.0,active
CHEMBL1688860,CN(C)Cc1cc(C(=O)N[C@@H]2CCc3ccc(Oc4ccnc5c4CCC(=O)N5)cc3C2)cc(C(F)(F)F)c1,1.6,active
CHEMBL1688861,CC(C)(N)c1cc(C(=O)N[C@@H]2CCc3ccc(Oc4ccnc5c4CCC(=O)N5)cc3C2)cc(C(F)(F)F)c1,0.8,active
CHEMBL1766529,CC(=O)N1CCN(c2cnc3cc(C(F)(F)F)cc(NCc4cccc([N+](=O)[O-])c4)c3c2)CC1,10000.0,inactive
CHEMBL1774056,Cc1cc(Nc2nc(N[C@@H](C)c3ccc(F)cn3)c(C#N)cc2F)n[nH]1,19.0,active
CHEMBL1738758,CN1CCN(c2ccc(OC(F)(F)F)c(Nc3ncc4c(n3)-c3c(c(C(N)=O)nn3CCO)CC4)c2)CC1,10000.0,inactive
CHEMBL1784725,CCOC(=O)C1=C2C(=NC1=O)c1cccc3cccc2c13,10000.0,inactive
CHEMBL1784637,CNC(=O)c1ncc(C#Cc2cc(C(=O)Nc3ccc(CN4CCN(CCO)CC4)c(C(F)(F)F)c3)ccc2C)n1C,0.2,active
CHEMBL1822792,CN(C[C@@H]1COCCO1)S(=O)(=O)Nc1ccc2ccc3ncc(-c4cnn(C)c4)cc3c(=O)c2c1,640.0,active
CHEMBL1807197,CCCNCc1cncc(-c2cnc3[nH]nc(-c4nc5cc(OC)ccc5[nH]4)c3c2)c1,36.0,active
CHEMBL1807196,CNC(=O)c1cc(Oc2cccc(NC(=O)Nc3ccc(Cl)c(C(F)(F)F)c3)c2)ccn1,6.0,active
CHEMBL1807198,COCCNCc1cncc(-c2cnc3[nH]nc(-c4nc5cc(N6CCN(C)CC6)ccc5[nH]4)c3c2)c1,190.0,active
CHEMBL1807506,CC(C)NCc1cncc(-c2cnc3[nH]nc(-c4nc5cc(N6CCN(C)CC6)ccc5[nH]4)c3c2)c1,410.0,active
CHEMBL1807507,CCN(CC)CCc1ccc(Nc2nccc(-c3c[nH]c4ncccc34)n2)cc1,500.0,active
CHEMBL1807508,O=C(N[C@H]1CC[C@H](O)CC1)c1ccc2nc(-c3n[nH]c4ncc(-c5cncc6ccccc56)cc34)[nH]c2c1,1000.0,active
CHEMBL213204,Oc1ccccc1Nc1nccc(-c2c[nH]c3ncccc23)n1,1000.0,active
CHEMBL1807509,Cc1cc(N)ccc1Nc1nccc(-c2c[nH]c3ncccc23)n1,1600.0,intermediate
CHEMBL1807510,COc1cc2c(cc1OC)/C(=C\c1ccc(OC(=O)c3cnccn3)cc1)C(=O)N2,1800.0,intermediate
CHEMBL1807511,Cc1cc2c(F)c(Oc3ncnc(N)c3/C=N/OCCCN3CCNCC3)ccc2[nH]1,1800.0,intermediate
CHEMBL1807512,Cc1cc(CCN2CCN(C)CC2)ccc1Nc1nccc(-c2c[nH]c3ncccc23)n1,2700.0,intermediate
CHEMBL1807513,CCCCCCCCCC(=O)Oc1ccc(/C=C2/C(=O)Nc3cc(OC)c(OC)cc32)cc1,4500.0,intermediate
CHEMBL1807514,Cc1ccccc1NC(=O)c1ccc2nc(-c3n[nH]c4ncc(-c5cncc6ccccc56)cc34)[nH]c2c1,10000.0,inactive
CHEMBL1806508,NC1CCN(c2nccc(-c3c[nH]c4ncccc34)n2)CC1,10000.0,inactive
CHEMBL1807515,N[C@H]1CC[C@@H](Nc2nccc(-c3c[nH]c4ncccc34)n2)CC1,3721.0,intermediate
CHEMBL212491,Cc1ccccc1Nc1nccc(-c2c[nH]c3ncccc23)n1,10000.0,inactive
CHEMBL1807516,O[C@H]1CC[C@@H](Nc2nccc(-c3c[nH]c4ncccc34)n2)CC1,11000.0,inactive
CHEMBL1807517,c1cnc2[nH]cc(-c3ccnc(N[C@@H]4C[C@@H]5CC[C@@H]4C5)n3)c2c1,55000.0,inactive
CHEMBL1807518,CN(C)CCN(C)C(=O)c1ccc2nc(-c3n[nH]c4ncc(-c5cncc6ccccc56)cc34)[nH]c2c1,100000.0,inactive
CHEMBL1807519,CO[C@H]1CC[C@@H](Nc2nccc(-c3c[nH]c4ncccc34)n2)CC1,100000.0,inactive
CHEMBL213207,c1cnc2[nH]cc(-c3ccnc(NCC4CCCCC4)n3)c2c1,100000.0,inactive
CHEMBL377048,Fc1ccccc1Nc1nccc(-c2c[nH]c3ncccc23)n1,100000.0,inactive
CHEMBL1807520,Clc1ccc(Nc2nccc(-c3c[nH]c4ncccc34)n2)c(Cl)c1,100000.0,inactive
CHEMBL1807521,CCCCNCc1cncc(-c2cnc3[nH]nc(-c4nc5cc(OC)ccc5[nH]4)c3c2)c1,38.0,active
CHEMBL1806510,COc1cc2[nH]c3c(c2cc1OC)C(c1cccc(O)c1)CNC3=O,90.0,active
CHEMBL1807713,CN(C)Cc1cncc(-c2ccc3[nH]c(-c4n[nH]c5ncc(N6CCN(C)CC6)cc45)nc3c2)c1,104.0,active
CHEMBL1807714,COc1cc2[nH]c3c(c2cc1OC)C(c1ccc(O)cc1)CNC3=O,110.0,active
CHEMBL1807715,CNCc1cncc(-c2cnc3[nH]nc(-c4nc5cc(N6CCN(C)CC6)ccc5[nH]4)c3c2)c1,111.0,active
CHEMBL1807716,COc1cc(Nc2nccc(-c3c[nH]c4ncccc34)n2)cc(OC)c1OC,128.0,active
CHEMBL1807717,COCc1cccc2[nH]c(-c3n[nH]c4ncc(-c5c[nH]c6ncccc56)cc34)nc12,150.0,active
CHEMBL1807718,CNCc1cncc(-c2cnc3[nH]nc(-c4nc5cc(OC)ccc5[nH]4)c3c2)c1,201.0,active
CHEMBL1807719,CCC(=O)Cc1ccc(Oc2ncnc(N)c2/C=N/OC)cc1Cl,212.0,active
CHEMBL1807720,CNCc1cncc(-c2cnc3[nH]nc(-c4nc5cc6c(cc5[nH]4)OC(F)(F)O6)c3c2)c1,218.0,active
CHEMBL426509,Cc1cc(CCO)ccc1Nc1nccc(-c2c[nH]c3ncccc23)n1,337.0,active
CHEMBL1807721,CCCNCc1cncc(-c2cnc3[nH]nc(-c4nc5cc(N6CCN(C)CC6)ccc5[nH]4)c3c2)c1,375.0,active
CHEMBL1807722,CN1CCN(c2ccc3[nH]c(-c4n[nH]c5ncc(-c6cncc(CN7CCCC7)c6)cc45)nc3c2)CC1,475.0,active
CHEMBL1807723,CCNCCc1ccc(Nc2nccc(-c3c[nH]c4ncccc34)n2)cc1,484.0,active
CHEMBL1807724,CN(C)CCc1ccc(Nc2nccc(-c3c[nH]c4ncccc34)n2)cc1,537.0,active
CHEMBL1807725,c1cnc2[nH]cc(-c3ccnc(Nc4ccc(CCN5CCCC5)cc4)n3)c2c1,692.0,active
CHEMBL587723,CCN1CCN(Cc2ccc(-c3cc4c(N[C@H](C)c5ccccc5)ncnc4[nH]3)cc2)CC1,740.0,active
CHEMBL1807773,CN1CCN(CCc2ccc(Nc3nccc(-c4c[nH]c5ncccc45)n3)cc2)CC1,753.0,active
CHEMBL214819,Cc1cccc(Nc2nccc(-c3c[nH]c4ncccc34)n2)c1,1000.0,active
CHEMBL1807774,O=C(NC1CC1)c1cccc2[nH]c(-c3n[nH]c4ncc(-c5cncc6ccccc56)cc34)nc12,1000.0,active
CHEMBL220951,COCCCO/N=C/c1c(N)ncnc1Oc1ccc2[nH]c(C)cc2c1F,1000.0,active
CHEMBL1807775,CN1CCN(c2ccc3[nH]c(-c4n[nH]c5ncc(Br)cc45)nc3c2)CC1,1073.0,intermediate
CHEMBL1807776,Cc1cc(CCN(C)C)ccc1Nc1nccc(-c2c[nH]c3ncccc23)n1,1117.0,intermediate
CHEMBL1807777,CC(C)(C)NC(=O)c1cccc2[nH]c(-c3n[nH]c4ncc(-c5cncc6ccccc56)cc34)nc12,1227.0,intermediate
CHEMBL1807778,CN1CCC(Nc2nccc(-c3c[nH]c4ncccc34)n2)CC1,1232.0,intermediate
CHEMBL1807779,CNCCc1ccc(Nc2nccc(-c3c[nH]c4ncccc34)n2)cc1,1262.0,intermediate
CHEMBL1807780,COCc1cccc2[nH]c(-c3n[nH]c4ncc(-c5cc[nH]c5)cc34)nc12,1268.0,intermediate
CHEMBL1807781,COCc1cccc2[nH]c(-c3n[nH]c4ncc(-c5cncc(CN6CCOCC6)c5)cc34)nc12,2990.0,intermediate
CHEMBL1807782,Cc1cc2c(F)c(Oc3ncnc(N)c3/C=N/OCCCN3CCCCC3)ccc2[nH]1,4246.0,intermediate
CHEMBL1807783,CO/N=C/c1c(N)ncnc1Oc1ccc(O)cc1,9204.0,intermediate
CHEMBL1807784,c1cnc2[nH]cc(-c3ccnc(NC4CCOCC4)n3)c2c1,10000.0,inactive
CHEMBL385827,FC(F)(F)c1ccccc1Nc1nccc(-c2c[nH]c3ncccc23)n1,10000.0,inactive
CHEMBL1808237,c1cnc2[nH]cc(-c3ccnc(NC4CCCC4)n3)c2c1,10000.0,inactive
CHEMBL213277,CCc1ccccc1Nc1nccc(-c2c[nH]c3ncccc23)n1,10000.0,inactive
CHEMBL1808238,COCc1cccc2[nH]c(-c3n[nH]c4ncc(Br)cc34)nc12,10000.0,inactive
CHEMBL221224,C=CCO/N=C/c1c(N)ncnc1Oc1ccc2[nH]c(C)cc2c1F,10000.0,inactive
CHEMBL1808239,Fc1ccc2nc(-c3n[nH]c4ncc(-c5cccnc5)cc34)[nH]c2c1,100000.0,inactive
CHEMBL220444,Cc1cc2c(F)c(Oc3ncnc(N)c3/C=N/OCCCN(C)C)ccc2[nH]1,100000.0,inactive
CHEMBL223486,CO/N=C/c1c(N)ncnc1Oc1ccc2[nH]c(C)cc2c1,100000.0,inactive
CHEMBL1813632,O=C(Nc1ccc(Oc2ncnc3scc(-c4ccccc4)c23)c(F)c1)c1cccn(-c2ccc(F)cc2)c1=O,10000.0,inactive
CHEMBL1834657,CCN1CCN(c2ccc(Nc3cc(N(C)C(=O)Nc4c(Cl)c(OC)cc(OC)c4Cl)ncn3)cc2)CC1.O=P(O)(O)O,10000.0,inactive
CHEMBL1923983,CNc1nc2[nH]c(-c3cccc(CNC(=O)COC)n3)cc2c2c1ncn2C,614.0,active
CHEMBL1929238,CN(C)CCN1CCN(C(=O)c2cc(C(C)(C)C)sc2NC(=O)Nc2cccc(Cl)c2Cl)CCC1=O,3700.0,intermediate
CHEMBL103667,Cc1ccc(-n2nc(C(C)(C)C)cc2NC(=O)Nc2ccc(OCCN3CCOCC3)c3ccccc23)cc1,30.0,active
CHEMBL1933576,CN1CCN(c2ccc(OC(F)(F)F)c(Nc3nccc(-c4cc(C(N)=O)cn4C)n3)c2)CC1,10000.0,inactive
CHEMBL1933582,CN1CCN(c2ccc(OC(F)(F)F)c(Nc3nccc(-c4cc5c(n4C)CCNC5=O)n3)c2)CC1,10000.0,inactive
CHEMBL1933288,C[C@@H]1CCNC(=O)c2cc3ccc(C(=O)Nc4nc5ccccc5n4CCCN(C)C)cc3n21,161.0,active
CHEMBL1945559,Cn1c2c(c3ccc(Cl)c(Cl)c31)C(C#N)C1(CCNCC1)NC2=O,7700.0,intermediate
CHEMBL2010872,CC(C)Cn1c2ccc(Nc3ncccn3)cc2c2c3c(c4c(c21)CCc1nn(C)cc1-4)C(=O)NC3,5.0,active
CHEMBL1980297,Nc1ncc(-c2cnn(CCO)c2)c2scc(-c3ccc(NC(=O)Nc4cccc(F)c4)cc3)c12,7.0,active
CHEMBL460472,COc1ccc2c(Oc3ccc(NC(=O)c4c(C)n(CC(C)(C)O)n(-c5ccccc5)c4=O)nc3)ccnc2c1,25000.0,inactive
CHEMBL2031893,COc1cc2nccc(Oc3ccc(NC(=O)c4c(C)n(C)n(-c5ccccc5)c4=O)cc3F)c2cc1OC,10.0,active
CHEMBL2046883,Cc1ccc(NC(=O)Nc2nnc(Sc3ncnc4cc(OCCCN5CCOCC5)ccc34)s2)cc1,10000.0,inactive
CHEMBL1873475,C=CC(=O)N1CCC[C@@H](n2nc(-c3ccc(Oc4ccccc4)cc3)c3c(N)ncnc32)C1,37.0,active
CHEMBL2058538,CC(C)n1nc(C#Cc2ccccc2)c2c(N)ncnc21,8.0,active
CHEMBL2058539,CC(C)n1nc(C#Cc2ccc(F)cc2)c2c(N)ncnc21,43.0,active
CHEMBL2058540,CC(C)n1nc(C#Cc2cccc(N)c2)c2c(N)ncnc21,110.0,active
CHEMBL2058541,CC(C)n1nc(C#Cc2ccccc2N)c2c(N)ncnc21,195.0,active
CHEMBL2058542,Cc1ccc(C)c(C#Cc2nn(C(C)C)c3ncnc(N)c23)c1,83.0,active
CHEMBL2058543,CC(C)n1nc(/C=C/c2ccccc2)c2c(N)ncnc21,50.0,active
CHEMBL2071457,C[C@H](NC(=O)c1cc(-c2cnn(C3CCOCC3)c2)cnc1N)c1c(Cl)ccc(F)c1Cl,210.0,active
CHEMBL2087742,Cc1c(F)cc(C(=O)NC2CC2)cc1-c1c(F)cn2c(C(C)(C)C)nnc2c1F,2000.0,intermediate
CHEMBL2151321,CC(C)Oc1cc(-n2cnc3ccc(N[C@@H](C)c4ccc(F)cn4)nc32)n[nH]1,100.0,active
CHEMBL475251,COc1cc(Nc2ncc(F)c(Nc3ccc4c(n3)NC(=O)C(C)(C)O4)n2)cc(OC)c1OC,5.0,active
CHEMBL2171124,Cn1cc(-c2ccc3c(c2)CCN3C(=O)Cc2cccc(C(F)(F)F)c2)c2c(N)ncnc21,1215.0,intermediate
CHEMBL2180602,CCN(CC)CCNC(=O)c1c(C)[nH]c2c1CCC/C2=C1/C(=O)Nc2ccc(F)cc21,5.0,active
CHEMBL2205766,CC(C)(C)NS(=O)(=O)c1cncc(-c2ccn3nc(N)nc3c2)c1,10000.0,inactive
CHEMBL2333365,Cc1c(C(=O)N2CCOc3ccc(-c4ccc(N)nc4)cc3C2)ccc(S(C)(=O)=O)c1F,10000.0,inactive
CHEMBL2180604,Cc1cc(C(=O)Nc2cc(Oc3ccc4nc(NC(=O)C5CC5)cn4n3)ccc2C)n(C)n1,18.0,active
CHEMBL2376650,C[C@@H](Oc1c[nH]c(=O)c(C(=O)Nc2ccc(N3CCN(C)CC3)cc2)c1)c1c(Cl)ccc(F)c1Cl,1000.0,active
CHEMBL2380834,O=C(Nc1ccc(Nc2ccnc3[nH]c(=O)c4ccccc4c23)cc1)c1ccc(F)cc1C(F)(F)F,706.0,active
CHEMBL2380845,O=C(Nc1ccc(Nc2ccnc3[nH]c(=O)c4ccccc4c23)cc1)c1ccccc1,15.0,active
CHEMBL2403108,Cc1cc(Nc2ncc(Cl)c(Nc3ccccc3S(=O)(=O)C(C)C)n2)c(OC(C)C)cc1C1CCNCC1,2304.0,intermediate
CHEMBL2403378,CC(=O)N1CCc2[nH]c(/C=C3\C(=O)Nc4ccc([N+](=O)[O-])cc43)cc2C1,73.0,active
CHEMBL2403377,CC(=O)N1CCc2[nH]c(/C=C3\C(=O)Nc4ccc(C#N)cc43)cc2C1,4.0,active
CHEMBL2403376,CC(=O)N1CCc2[nH]c(/C=C3\C(=O)Nc4ccc(C(F)(F)F)cc43)cc2C1,300.0,active
CHEMBL2403375,CC(=O)N1CCc2[nH]c(/C=C3\C(=O)Nc4ccc(OC(C)C)cc43)cc2C1,150.0,active
CHEMBL2403374,CC(=O)Nc1ccc2c(c1)/C(=C/c1cc3c([nH]1)CCN(C(=O)N1CCOCC1)C3)C(=O)N2,25.0,active
CHEMBL2403373,CN1CCC(Nc2ccc3c(c2)/C(=C/c2cc4c([nH]2)CCN(C(=O)N2CCOCC2)C4)C(=O)N3)CC1,5.0,active
CHEMBL2403372,O=C1Nc2ccc(C(F)(F)F)cc2/C1=C/c1cc2c([nH]1)CCN(C(=O)N1CCOCC1)C2,140.0,active
CHEMBL2403371,COc1ccc2c(c1)/C(=C/c1[nH]c3c(c1Cl)CN(C(C)=O)CC3)C(=O)N2,34.0,active
CHEMBL2403370,COc1ccc2c(c1)/C(=C/c1cc3c([nH]1)CCN(C(=O)N1CCOCC1)C3)C(=O)N2,25.0,active
CHEMBL2403369,COc1ccc2c(c1)/C(=C/c1cc3c([nH]1)CCN(C(=O)N1CCN(C)CC1)C3)C(=O)N2,6.0,active
CHEMBL2403368,COc1ccc2c(c1)/C(=C/c1cc3c([nH]1)CCN(C(=O)c1cnoc1C)C3)C(=O)N2,75.0,active
CHEMBL2403367,COc1ccc2c(c1)/C(=C/c1cc3c([nH]1)CCN(C(C)=O)C3)C(=O)N2,54.0,active
CHEMBL2403366,COc1ccc2c(c1)/C(=C/c1cc3c([nH]1)CCN(C(=O)CCN)C3)C(=O)N2,4.0,active
CHEMBL2403365,COc1ccc2c(c1)/C(=C/c1[nH]c(C)c(C(=O)NCCCN)c1C)C(=O)N2,1000.0,active
CHEMBL2442124,C[C@@H](Sc1cc(-c2cnn(C3CCNCC3)c2)cnc1N)c1c(Cl)ccc(F)c1Cl,1000.0,active
CHEMBL2443026,CN(C)c1ccc(Oc2cc(O)cc(O)c2-c2cc(C(=O)NC3CCN(C4CCC5(CC4)OCCO5)CC3)no2)cc1,10.0,active
CHEMBL2443139,CC(C)Nc1ccc(Oc2cc(O)cc(O)c2-c2cc(C(=O)NC3CCN(C)CC3)no2)cc1,10.0,active
CHEMBL2443138,CN1CCC(NC(=O)c2cc(-c3c(O)cc(O)cc3Oc3ccc(N(C)C)cc3)on2)CC1,10.0,active
CHEMBL2443044,CN1CCC(NC(=O)c2cc(-c3c(O)cc(O)cc3Oc3ccc([N+](=O)[O-])cc3)on2)CC1,10.0,active
CHEMBL3092314,CCN(CC)CCCNC(=O)Nc1cc2c(Nc3ccc(F)c(Cl)c3)ncnc2cc1O[C@H]1CCOC1,347.0,active
CHEMBL3092308,O=C(NCCN1CCCC1)Nc1cc2c(Nc3ccc(F)c(Cl)c3)ncnc2cc1O[C@H]1CCOC1,223.0,active
CHEMBL3116050,C[C@H](Nc1nc(Nc2cn(C)cn2)c2cc[nH]c2n1)c1ncc(F)cn1,46.0,active
CHEMBL3128222,O=S(=O)(Nc1cccc(CNc2ncnc3c2cnn3CCc2ccccc2)c1)c1ccc(F)cc1,5470.0,intermediate
CHEMBL3128237,O=C(Nc1ccc(F)cc1)Nc1cccc(CNc2ncnc3c2cnn3CCc2ccccc2)c1,7960.0,intermediate
CHEMBL3128229,O=C(Nc1cccc(CNc2ncnc3c2cnn3CCc2ccccc2)c1)c1ccc(Br)cc1,9310.0,intermediate
CHEMBL3128226,O=S(=O)(Cc1ccccc1)Nc1cccc(CNc2ncnc3c2cnn3CCc2ccccc2)c1,58600.0,inactive
CHEMBL3128224,COc1ccc(S(=O)(=O)Nc2cccc(CNc3ncnc4c3cnn4CCc3ccccc3)c2)cc1,57200.0,inactive
CHEMBL3128221,O=S(=O)(Nc1cccc(CNc2ncnc3c2cnn3CCc2ccccc2)c1)c1ccc(Br)cc1,12850.0,inactive
CHEMBL3128220,O=S(=O)(Nc1cccc(CNc2ncnc3c2cnn3CCc2ccccc2)c1)c1ccccc1,7900.0,intermediate
CHEMBL3128219,O=C(NCc1ccccc1)Nc1cccc(CNc2ncnc3c2cnn3CCc2ccccc2)c1,10300.0,inactive
CHEMBL3128218,COc1ccc(NC(=O)Nc2cccc(CNc3ncnc4c3cnn4CCc3ccccc3)c2)cc1OC,15300.0,inactive
CHEMBL3128239,COc1ccc(NC(=O)Nc2cccc(CNc3ncnc4c3cnn4CCc3ccccc3)c2)cc1,9260.0,intermediate
CHEMBL3128236,O=C(Nc1ccc(Br)cc1)Nc1cccc(CNc2ncnc3c2cnn3CCc2ccccc2)c1,9070.0,intermediate
CHEMBL3128235,O=C(Nc1ccccc1)Nc1cccc(CNc2ncnc3c2cnn3CCc2ccccc2)c1,7040.0,intermediate
CHEMBL3128234,O=C(Cc1ccccc1)Nc1cccc(CNc2ncnc3c2cnn3CCc2ccccc2)c1,22600.0,inactive
CHEMBL3128233,COc1ccc(C(=O)Nc2cccc(CNc3ncnc4c3cnn4CCc3ccccc3)c2)cc1OC,28100.0,inactive
CHEMBL3128232,COc1ccc(C(=O)Nc2cccc(CNc3ncnc4c3cnn4CCc3ccccc3)c2)cc1,24100.0,inactive
CHEMBL3128231,O=C(Nc1cccc(CNc2ncnc3c2cnn3CCc2ccccc2)c1)c1ccc([N+](=O)[O-])cc1,17100.0,inactive
CHEMBL3128230,O=C(Nc1cccc(CNc2ncnc3c2cnn3CCc2ccccc2)c1)c1ccc(F)cc1,9640.0,intermediate
CHEMBL3128228,O=C(Nc1cccc(CNc2ncnc3c2cnn3CCc2ccccc2)c1)c1ccccc1,22400.0,inactive
CHEMBL3233767,C=CC(=O)Nc1cc2c(Nc3ccc(F)c(Cl)c3)ncnc2s1,1626.0,intermediate
CHEMBL3233785,O=C(/C=C/CN1CC2CCC1C(=O)C2)Nc1cc2c(Nc3ccc(F)c(Cl)c3)ncnc2s1,10000.0,inactive
CHEMBL3262356,N[C@H]1CCCC[C@H]1Nc1cc2nc[nH]c(=O)c2c(Nc2cccc3cc[nH]c23)n1,20.0,active
CHEMBL3288526,Nc1ncnc2scc(-c3ccc4c(C(=O)Nc5ccccc5)cccc4c3)c12,20.2,active
CHEMBL3298400,CC(C)(C)CNC(=O)CC1CNC(=O)c2cc(-c3ccsc3)cn21,10000.0,inactive
CHEMBL3297762,CN1CCN(C[C@@H](NC(=O)C[C@H]2CNC(=O)c3cc(-c4cccc(Cl)c4)cn32)C2CCCCC2)CC1,10000.0,inactive
CHEMBL3355009,CCOc1cc(=O)[nH]cc1-c1ccc(CC(=O)Nc2cc(C(C)(C)C(F)(F)F)on2)c(F)c1,100.0,active
CHEMBL3355010,CCOc1cc(=O)[nH]cc1-c1ccc(CC(=O)Nc2cc(C(C)(C)C(F)(F)F)no2)c(F)c1,100.0,active
CHEMBL3355008,CCOc1cc(-c2ccc(CC(=O)Nc3ccc(Cl)c(Cl)c3)c(F)c2)c[nH]c1=O,500.0,active
CHEMBL3355007,CCOc1cc(-c2ccc(CC(=O)Nc3ccc(OCCO)c(C(F)(F)F)c3)c(F)c2F)c[nH]c1=O,100.0,active
CHEMBL3355065,CNc1cc2ccc(C#CCOc3ccc(CN4CCNCC4)c(C(F)(F)F)c3)cc2cn1,10.0,active
CHEMBL3309965,COc1cc(=O)n(-c2ccc(Oc3ccnc(N)c3Cl)c(F)c2)cc1C(=O)NCc1ccc(F)cc1,25000.0,inactive
CHEMBL3309969,COc1cc(=O)n(-c2ccc(Oc3ccnc(N)c3I)c(F)c2)cc1C(=O)NCc1ccc(F)cc1,25000.0,inactive
CHEMBL2105717,COc1cc2nccc(Oc3ccc(NC(=O)C4(C(=O)Nc5ccc(F)cc5)CC4)cc3)c2cc1OC,16.0,active
CHEMBL3309990,Nc1nc2c3c(F)cccc3nc(Cc3ccc4c(c3)OCO4)n2n1,10000.0,inactive
CHEMBL3309995,Nc1ccc2c(c1)nc(Cc1ccc3c(c1)OCO3)n1nc(N)nc21,10000.0,inactive
CHEMBL3309997,OCCCNc1ccc2c(c1)nc(-c1ccc3c(c1)OCO3)n1ncnc21,10000.0,inactive
CHEMBL3309998,Nc1nc2c3ccc(NCCO)cc3nc(Cc3ccc4c(c3)OCO4)n2n1,10000.0,inactive
CHEMBL3310151,CN1CCN(c2cc(F)c3c(c2)nc(Cc2ccc4c(c2)OCO4)n2nc(N)nc32)CC1,10000.0,inactive
CHEMBL3329404,CC(C)(C)c1cc(NC(=O)Cc2cccc(Oc3ccc4nccn4n3)c2)no1,2500.0,intermediate
CHEMBL3329397,CC(C)(C)c1cc(NC(=O)Cc2ccc(-c3ccc4nccn4c3)cc2)no1,250.0,active
CHEMBL3329403,O=C(Cc1cccc(Oc2ccc3nccn3n2)c1)Nc1cccc(C(F)(F)F)c1,9100.0,intermediate
CHEMBL3329402,O=C(Cc1cccc(Oc2ccc3nccn3n2)c1)Nc1ccccc1,14300.0,inactive
CHEMBL3329401,O=C(Cc1cccc(Oc2ccc3nccn3n2)c1)Nc1cccc(Cl)c1,17200.0,inactive
CHEMBL3329400,O=C(Cc1cccc(Oc2ccc3nccn3n2)c1)Nc1cccc(F)c1,19300.0,inactive
CHEMBL3329399,Cc1cccc(NC(=O)Cc2cccc(Oc3ccc4nccn4n3)c2)c1,20400.0,inactive
CHEMBL3329398,O=C(Cc1cccc(Oc2ccc3nccn3n2)c1)Nc1cccc(Br)c1,22300.0,inactive
CHEMBL3329396,O=C(Cc1ccc(-c2ccc3nccn3c2)cc1)Nc1cccc(C(F)(F)F)c1,15700.0,inactive
CHEMBL3329395,O=C(Cc1ccc(-c2ccc3nccn3c2)cc1)Nc1ccccc1,18800.0,inactive
CHEMBL3329394,O=C(Cc1ccc(-c2ccc3nccn3c2)cc1)Nc1cccc(Cl)c1,67800.0,inactive
CHEMBL3329393,O=C(Cc1ccc(-c2ccc3nccn3c2)cc1)Nc1cccc(F)c1,100000.0,inactive
CHEMBL3329392,Cc1cccc(NC(=O)Cc2ccc(-c3ccc4nccn4c3)cc2)c1,100000.0,inactive
CHEMBL3329391,O=C(Cc1ccc(-c2ccc3nccn3c2)cc1)Nc1cccc(Br)c1,100000.0,inactive
CHEMBL3422092,O=C(N[C@@H](c1ccccn1)C1CC1)c1ccc2[nH]nc(-c3ccc(N4[C@H]5CC[C@H]4CC(O)C5)cc3)c2c1,250.0,active
CHEMBL572881,CC1(C)CNc2cc(NC(=O)c3cccnc3NCc3ccncc3)ccc21,90.0,active
CHEMBL1171837,Cc1ccc(C(=O)Nc2ccc(CN3CCN(C)CC3)c(C(F)(F)F)c2)cc1C#Cc1cnc2cccnn12,25.8,active
CHEMBL3582442,OC1CCN(c2cc(-c3cnc4ccc(N5CCC[C@@H]5c5cccc(F)c5)nn34)ccn2)CC1,6000.0,intermediate
CHEMBL3582441,O=C(O)CN1CCN(c2cc(-c3cnc4ccc(N5CCC[C@@H]5c5cccc(F)c5)nn34)ccn2)CC1,3700.0,intermediate
CHEMBL3582439,Fc1cccc([C@H]2CCCN2c2ccc3ncc(-c4ccccn4)n3n2)c1,8000.0,intermediate
CHEMBL3582427,N#Cc1ccc(-c2cnc3ccc(NCc4ccccc4)nn23)cc1,4900.0,intermediate
CHEMBL3596862,COc1ccc(-c2cncc(Oc3cccc(NC(=O)Nc4cc(C(C)(C)C)on4)c3)n2)cc1,140.0,active
CHEMBL3596868,CC(C)(C)c1cc(NC(=O)Nc2cccc(Oc3cncc(-c4ccsc4)n3)c2)no1,120.0,active
CHEMBL3596873,CC(C)(C)c1cc(NC(=O)Nc2cccc(Oc3cncc(-c4ccc(S(C)(=O)=O)cc4)n3)c2)no1,210.0,active
CHEMBL3596879,Cn1cc(-c2cncc(Oc3cccc(NC(=O)Nc4cc(C(C)(C)C)on4)c3)n2)cn1,330.0,active
CHEMBL3596889,CC(C)(C)c1cc(NC(=O)Nc2cccc(Oc3cncc(-c4ccc(F)cc4)n3)c2)no1,56.0,active
CHEMBL3596892,Cn1cc(-c2cncc(-c3ccc(NC(=O)Nc4cc(C(C)(C)C)no4)cc3)n2)cn1,63.0,active
CHEMBL3596893,Cn1cc(-c2cncc(-c3ccc(NC(=O)Nc4cc(C(C)(C)C)nn4C)cc3)n2)cn1,64.0,active
CHEMBL3606021,NC(=O)c1cc(F)cc2c1C(=O)N(C1CCN(C3CCC(F)(F)CC3)CC1)C2,10000.0,inactive
CHEMBL3622956,Cc1nn(-c2ccnc(Nc3ccc4c(c3)c(Cl)c(C)n4C)n2)cc1CN1CC(O)C1,67.8,active
CHEMBL3622957,Cc1nn(-c2ccnc(Nc3ccc4c(c3)c(Cl)c(C)n4C)n2)cc1CN1CC[C@@H](O)C1,9594.0,intermediate
CHEMBL3623375,CN(C)CCCNC(=O)c1csc2nc(-c3ccc(NC(=O)Nc4cc(C(C)(C)C)on4)cc3)cn12,986.0,active
CHEMBL3671311,C[C@@H](Cc1c(F)c(F)cc(F)c1F)Nc1cc[nH]c(=O)c1-c1nc2cc3c(cc2[nH]1)CN(CCN(C)C)C3=O,3.527,active
CHEMBL3671318,CC(Cc1cc(F)ccc1F)Nc1cc[nH]c(=O)c1-c1nc2cc3c(cc2[nH]1)C(=O)N(CCN(C)C)C3,13.07,active
CHEMBL3671310,C[C@@H](Cc1c(F)c(F)cc(F)c1F)Nc1cc[nH]c(=O)c1-c1nc2cc3c(cc2[nH]1)C(=O)N(CCN(C)C)C3=O,25.82,active
CHEMBL3671309,C[C@@H](Cc1c(F)c(F)cc(F)c1F)Nc1cc[nH]c(=O)c1-c1nc2cc3c(cc2[nH]1)CN(C1CCN(C)CC1)C3=O,5.977,active
CHEMBL3671320,Cc1c2c(cc3[nH]c(-c4c(NC(C)Cc5c(F)c(F)cc(F)c5F)cc[nH]c4=O)nc13)C(=O)N(C1CCN(C)CC1)C2,11.15,active
CHEMBL1980995,CNC1CC2OC(C)(C1OC)n1c3ccccc3c3c4c(c5c6ccccc6n2c5c31)C(=O)NC4,2.195,active
CHEMBL3740721,CS(=O)(=O)Cc1cccc(Nc2nccc(Oc3ccc4c(C(=O)Nc5ccccc5)cccc4c3)n2)c1,59.2,active
CHEMBL3740487,CS(=O)(=O)Cc1cccc(Nc2nccc(Oc3ccc4c(C(=O)Nc5cccc(F)c5)cccc4c3)n2)c1,22.8,active
CHEMBL3739732,CS(=O)(=O)Cc1cccc(Nc2nccc(Oc3ccc4c(C(=O)Nc5cccnc5)cccc4c3)n2)c1,167.1,active
CHEMBL3741589,O=C(O)C1CN(Cc2ccc(OCc3ccc(Cl)c(Cl)c3)cc2)C1,10000.0,inactive
CHEMBL3651966,C[C@@H]1C[C@H](N)C[C@H](c2ccncc2NC(=O)c2ccc(F)c(-c3c(F)cccc3F)n2)C1,10000.0,inactive
CHEMBL3746678,CCc1cc2c(cc1-c1cnn(CCCN(C)C)c1)C(C)(C)c1[nH]c3cc(C#N)ccc3c1C2=O,2.0,active
CHEMBL3735401,CCc1cc2c(cc1-c1cnn(CC(=O)N(C)C)c1)C(C)(C)c1[nH]c3cc(C#N)ccc3c1C2=O,3.0,active
CHEMBL3746776,C[C@H]1Cc2c(ncnc2Oc2ccc3c(ccn3C(=O)Nc3cc(C4(C)CC4)[nH]n3)c2)CN1,66.0,active
CHEMBL3746122,O=C(Nc1cc(C2CC2)on1)n1ccc2cc(Oc3ncnc4c3CNC4)ccc21,500.0,active
CHEMBL3745885,Cn1c(=O)c(S(=O)(=O)c2ccc(F)cc2F)cc2cnc(Nc3ccc4[nH]ccc4c3)nc21,10000.0,inactive
CHEMBL3753512,Nc1ncnc2c1c(-c1cc(C3CC3)on1)nn2C1CCCCC1,14.0,active
CHEMBL3751904,Nc1ncnc2c1c(-c1cc(C3CC3)on1)nn2C1CCOCC1,41.0,active
CHEMBL3753503,CC(C)n1nc(/C=N/O)c2c(N)ncnc21,3680.0,intermediate
CHEMBL3752736,CC(C)n1nc(C2=NOC(c3ccccc3)C2)c2c(N)ncnc21,5680.0,intermediate
CHEMBL3753714,CC(C)n1nc(-c2cc(Cc3ccccc3)on2)c2c(N)ncnc21,1990.0,intermediate
CHEMBL3754247,CC(C)n1nc(-c2cc(-c3ccccn3)on2)c2c(N)ncnc21,5880.0,intermediate
CHEMBL3753958,CCc1cc(-c2nn(C(C)C)c3ncnc(N)c23)no1,531.0,active
CHEMBL3752395,CC(C)c1cc(-c2nn(C(C)C)c3ncnc(N)c23)no1,355.0,active
CHEMBL3751965,CC(C)n1nc(-c2cc(C(C)(C)C)on2)c2c(N)ncnc21,2100.0,intermediate
CHEMBL3753341,CC(C)n1nc(-c2cc(C3CC3)on2)c2c(N)ncnc21,4.0,active
CHEMBL3753903,CC(C)n1nc(-c2cc(C3CCCC3)on2)c2c(N)ncnc21,1570.0,intermediate
CHEMBL3752712,CC(C)(O)Cn1nc(-c2cc(C3CC3)on2)c2c(N)ncnc21,217.0,active
CHEMBL3753242,CCCCCCCn1nc(-c2cc(C3CC3)on2)c2c(N)ncnc21,927.0,active
CHEMBL3754346,Nc1ncnc2c1c(-c1cc(C3CC3)on1)nn2Cc1ccccc1,557.0,active
CHEMBL3752118,Cn1nc(-c2cc(C3CC3)on2)c2c(N)ncnc21,182.0,active
CHEMBL3752879,Nc1ncnc2[nH]nc(-c3cc(C4CC4)on3)c12,354.0,active
CHEMBL3752025,CC(C)n1nc(-c2ccon2)c2c(N)ncnc21,903.0,active
CHEMBL3752827,CC(C)n1nc(-c2cc(C3CCCCC3)on2)c2c(N)ncnc21,910.0,active
CHEMBL3754092,CC(C)n1nc(-c2cc(-c3ccc(F)cc3)on2)c2c(N)ncnc21,150.0,active
CHEMBL3754442,CC(C)n1nc(-c2cc(-c3ccccc3)on2)c2c(N)ncnc21,190.0,active
CHEMBL3754195,CC(C)n1nc(/C=N/OCc2ccccc2)c2c(N)ncnc21,8330.0,intermediate
CHEMBL3774623,COc1cc2ncnc(N3CCCc4c(O)cccc43)c2cc1OC,4100.0,intermediate
CHEMBL3774430,COc1cc2ncnc(N3CCc4c(O)cccc43)c2cc1OC,60.0,active
CHEMBL3775376,COc1cc2ncnc(Sc3cccc(O)c3)c2cc1OC,23.0,active
CHEMBL3775672,COc1cc2ncnc(Oc3cccc(O)c3)c2cc1OC,16.0,active
CHEMBL3774935,COc1cc2ncnc(N(C)c3cccc(O)c3)c2cc1OC,210.0,active
CHEMBL3774953,COc1cc2ncnc(Nc3c(F)ccc(O)c3Cl)c2cc1OC,3.9,active
CHEMBL3775585,COc1cc2ncnc(Nc3c(Cl)ccc(O)c3Cl)c2cc1OC,9.7,active
CHEMBL3775560,COc1cc2ncnc(Nc3ccc(C)c(O)c3Cl)c2cc1OC,9.3,active
CHEMBL3774697,COc1cc2ncnc(Nc3c(Cl)ccc(O)c3C)c2cc1OC,120.0,active
CHEMBL3775940,COc1cc2ncnc(Nc3c(F)ccc(O)c3C)c2cc1OC,44.0,active
CHEMBL3774913,COc1cc2ncnc(Nc3cc(F)cc(O)c3C)c2cc1OC,21.0,active
CHEMBL3775511,COc1cc2ncnc(Nc3c(Cl)ccc(O)c3F)c2cc1OC,4.8,active
CHEMBL3775557,COc1cc2ncnc(Nc3c(F)ccc(O)c3F)c2cc1OC,1.7,active
CHEMBL3775336,COc1cc2ncnc(Nc3ccc(F)c(O)c3F)c2cc1OC,2.0,active
CHEMBL3775415,COc1cc2ncnc(Nc3cc(O)c(C)cc3Cl)c2cc1OC,13.0,active
CHEMBL440727,COc1cc2ncnc(Nc3cc(O)c(C)cc3F)c2cc1OC,0.75,active
CHEMBL3775190,COc1cc2ncnc(Nc3cc(O)c(Cl)cc3Cl)c2cc1OC,5.0,active
CHEMBL3775169,COc1cc2ncnc(Nc3cc(O)c(F)cc3F)c2cc1OC,0.41,active
CHEMBL3774951,COc1cc2ncnc(Nc3cc(O)ccc3C)c2cc1OC,8.4,active
CHEMBL3774489,COc1cc2ncnc(Nc3cc(O)ccc3Cl)c2cc1OC,2.6,active
CHEMBL3774904,COc1cc2ncnc(Nc3cc(O)ccc3F)c2cc1OC,1.1,active
CHEMBL3775086,COc1cc2ncnc(Nc3cc(C)cc(O)c3)c2cc1OC,29.0,active
CHEMBL3775934,COc1cc2ncnc(Nc3cc(O)cc(F)c3)c2cc1OC,2.6,active
CHEMBL3774563,COc1ccc(Nc2ncnc3cc(OC)c(OC)cc23)cc1O,11.0,active
CHEMBL235851,COc1cc2ncnc(Nc3ccc(Cl)c(O)c3)c2cc1OC,10.0,active
CHEMBL478442,COc1cc2ncnc(Nc3ccc(C)c(O)c3)c2cc1OC,4.6,active
CHEMBL3775879,COc1cc2ncnc(Nc3ccc(F)c(O)c3)c2cc1OC,3.2,active
CHEMBL3774643,COc1cc2ncnc(Nc3cccc(O)c3C#N)c2cc1OC,10000.0,inactive
CHEMBL3774720,COc1cc2ncnc(Nc3cccc(O)c3C(F)(F)F)c2cc1OC,5500.0,intermediate
CHEMBL3775240,CCc1c(O)cccc1Nc1ncnc2cc(OC)c(OC)cc12,3800.0,intermediate
CHEMBL3775660,COc1cc2ncnc(Nc3cccc(O)c3OC)c2cc1OC,1100.0,intermediate
CHEMBL3775903,COc1cc2ncnc(Nc3cccc(O)c3F)c2cc1OC,10.0,active
CHEMBL3775569,COc1cc2ncnc(Nc3cccc(O)c3C)c2cc1OC,190.0,active
CHEMBL3775840,COc1cc2ncnc(Nc3cccc(O)c3Cl)c2cc1OC,19.0,active
CHEMBL3775164,COc1cc2ncnc(Nc3cccc(O)c3Br)c2cc1OC,23.0,active
CHEMBL3774580,COc1cc2ncnc(Nc3cccc(O)c3O)c2cc1OC,3.9,active
CHEMBL169473,COc1cccc(Nc2ncnc3cc(OC)c(OC)cc23)c1,1200.0,intermediate
CHEMBL3220401,COc1cc2ncnc(Nc3cccc(N)c3)c2cc1OC,590.0,active
CHEMBL405130,COc1cc2ncnc(Nc3ccc(O)cc3)c2cc1OC,720.0,active
CHEMBL127907,COc1cc2ncnc(Nc3cccc(O)c3)c2cc1OC,4.5,active
CHEMBL3774450,COc1cc2ncnc(Nc3ccccc3O)c2cc1OC,1600.0,intermediate
CHEMBL1277620,COc1cc2ncnc(Nc3ccc(Br)cc3F)c2cc1OC,100.0,active
CHEMBL1614712,Nc1ncnc2c1c(-c1cccc(OCc3ccccc3)c1)cn2[C@H]1C[C@@H](CN2CCC2)C1,3300.0,intermediate
CHEMBL3787614,Nc1ncnc2c1c(-c1cccc(OC[C@@H]3CCCO3)c1)cn2[C@H]1C[C@@H](CN2CCC2)C1,4400.0,intermediate
CHEMBL3787112,Nc1ncnc2c1c(-c1cccc(O)c1)cn2[C@H]1C[C@@H](CN2CCC2)C1,8.0,active
CHEMBL3785500,Nc1ncnc2c1c(-c1cccc(OCC34CCC(CC3)O4)c1)cn2[C@H]1C[C@@H](CN2CCC2)C1,10000.0,inactive
CHEMBL3786167,CC(=O)N1CCN([C@H]2C[C@@H](n3cc(-c4cccc(OC[C@@H]5CCCO5)c4F)c4c(N)ncnc43)C2)CC1,9300.0,intermediate
CHEMBL3785951,CC(=O)N1CCN([C@H]2C[C@@H](n3cc(-c4cc(OC[C@@H]5CCCO5)ccc4F)c4c(N)ncnc43)C2)CC1,6000.0,intermediate
CHEMBL3786567,CC1(C)CC[C@@H](COc2cccc(-c3cn([C@H]4C[C@@H](CN5CCC5)C4)c4ncnc(N)c34)c2)O1,970.0,active
CHEMBL3798631,CC(NC(=O)c1ccc2[nH]nc(-c3ccncc3)c2c1)c1cccc(Cl)c1,1000.0,active
CHEMBL3798257,Cc1cc(-c2n[nH]c3ccc(C(=O)NC(C)c4c(Cl)cncc4Cl)cc23)ccn1,1000.0,active
CHEMBL3799221,CCOC(Cn1nc(-c2cnc3[nH]ccc3c2)c2c(N)ncnc21)OCC,598.0,active
CHEMBL3800481,CCOC(Cn1nc(-c2ccc3oc(N)nc3c2)c2c(N)ncnc21)OCC,100000.0,inactive
CHEMBL3797590,Nc1nc2cc(-c3nn(CC4OCCO4)c4ncnc(N)c34)ccc2o1,100000.0,inactive
CHEMBL3800138,COC(Cn1nc(-c2ccc3oc(N)nc3c2)c2c(N)ncnc21)OC,100000.0,inactive
CHEMBL3797684,COCCCOc1cc2ncnc(Nc3c(F)ccc(O)c3C)c2cc1OC,38.0,active
CHEMBL3797413,COCCOc1cc2ncnc(Nc3c(F)ccc(O)c3C)c2cc1OC,14.0,active
CHEMBL3800155,COc1cc2c(Nc3c(F)ccc(O)c3C)ncnc2cc1OCC1CCCO1,18.0,active
CHEMBL3799843,COc1cc2c(Nc3c(F)ccc(O)c3C)ncnc2cc1OCC1CCN(C)CC1,78.0,active
CHEMBL3798119,COc1cc2c(Nc3c(F)ccc(O)c3C)ncnc2cc1OCc1noc(C)n1,24.0,active
CHEMBL3797991,COc1cc2c(Nc3c(F)ccc(O)c3C)ncnc2cc1OCc1nccn1C,110.0,active
CHEMBL3800346,COc1cc2c(Nc3c(F)ccc(O)c3C)ncnc2cc1OCc1cccnc1,12.0,active
CHEMBL3798883,COc1cc2c(Nc3c(F)ccc(O)c3C)ncnc2cc1OCCCN1CCCC1C(F)(F)F,62.0,active
CHEMBL3798349,COc1cc2c(Nc3c(F)ccc(O)c3C)ncnc2cc1OCCN1CCCC1C(F)(F)F,150.0,active
CHEMBL3800250,COc1cc2c(Nc3c(F)ccc(O)c3C)ncnc2cc1OCCN1CCC(F)C1,30.0,active
CHEMBL3798584,COc1cc2c(Nc3c(F)ccc(O)c3C)ncnc2cc1OCCCN1CCS(=O)(=O)CC1,9.0,active
CHEMBL3797561,COc1cc2c(Nc3c(F)ccc(O)c3C)ncnc2cc1OCCN1CCS(=O)(=O)CC1,14.0,active
CHEMBL3799933,COc1cc2c(Nc3c(F)ccc(O)c3C)ncnc2cc1OCCCN1CCOCC1,11.0,active
CHEMBL3797688,COc1cc2c(Nc3c(F)ccc(O)c3C)ncnc2cc1OCCN1CCOCC1,14.0,active
CHEMBL3800348,COc1cc2c(Nc3c(F)ccc(O)c3C)ncnc2cc1OCCCN1CCN(C)CC1,29.0,active
CHEMBL3798442,COc1cc2c(Nc3c(F)ccc(O)c3C)ncnc2cc1OCCN1CCN(C)CC1,44.0,active
CHEMBL3799971,COc1cc2c(Nc3c(F)ccc(O)c3C)ncnc2cc1OCCCN1CCCNCC1,11.0,active
CHEMBL3799969,COc1cc2c(Nc3c(F)ccc(O)c3C)ncnc2cc1OCCN1CCCNCC1,65.0,active
CHEMBL3797261,COc1cc2c(Nc3c(F)ccc(O)c3C)ncnc2cc1OCCCN1CCNCC1,5.0,active
CHEMBL3798033,COc1cc2c(Nc3c(F)ccc(O)c3C)ncnc2cc1OCCN1CCNCC1,17.0,active
CHEMBL3799244,COc1cc2c(Nc3c(F)ccc(O)c3C)ncnc2cc1OCCCN1CCCCC1,15.0,active
CHEMBL3799867,COc1cc2c(Nc3c(F)ccc(O)c3C)ncnc2cc1OCCN1CCCCC1,120.0,active
CHEMBL3800542,COc1cc2c(Nc3c(F)ccc(O)c3C)ncnc2cc1OCCCN1CCCC1,15.0,active
CHEMBL3797895,COc1cc2c(Nc3c(F)ccc(O)c3C)ncnc2cc1OCCN1CCCC1,100.0,active
CHEMBL3799523,COc1cc2c(Nc3c(F)ccc(O)c3C)ncnc2cc1OCCCN(C)C,7.0,active
CHEMBL3799264,COc1cc2c(Nc3c(F)ccc(O)c3C)ncnc2cc1OCCN(C)C,350.0,active
CHEMBL3799756,CNCCCOc1cc2ncnc(Nc3c(F)ccc(O)c3C)c2cc1OC,23.0,active
CHEMBL3800408,CNCCOc1cc2ncnc(Nc3c(F)ccc(O)c3C)c2cc1OC,100.0,active
CHEMBL3798215,COc1cc2c(Nc3c(F)ccc(O)c3C)ncnc2cc1OCCCN,48.0,active
CHEMBL3797288,COc1cc2c(Nc3c(F)ccc(O)c3C)ncnc2cc1OCCN,130.0,active
CHEMBL3800327,COc1cc2ncnc(Nc3cccc4[nH]ncc34)c2cc1OC,140.0,active
CHEMBL3798986,COc1cc2ncnc(Nc3ccc4[nH]ncc4c3)c2cc1OC,600.0,active
CHEMBL3800021,COc1cc2ncnc(Nc3ccc4cn[nH]c4c3)c2cc1OC,280.0,active
CHEMBL3797215,COc1cc2ncnc(Nc3cccc4cn[nH]c34)c2cc1OC,3300.0,intermediate
CHEMBL3798102,COc1cc2ncnc(Nc3cccc4[nH]cnc34)c2cc1OC,4300.0,intermediate
CHEMBL2333995,COc1cc2ncnc(Nc3ccc4[nH]cnc4c3)c2cc1OC,30000.0,inactive
CHEMBL3799979,COc1cc2ncnc(Nc3cccc4[nH]ccc34)c2cc1OC,9100.0,intermediate
CHEMBL3799035,COc1cc2ncnc(Nc3ccc4cc[nH]c4c3)c2cc1OC,1700.0,intermediate
CHEMBL3798019,COc1cc2ncnc(Nc3cccc(C(F)F)c3)c2cc1OC,2900.0,intermediate
CHEMBL3800128,COc1cc2ncnc(Nc3cccc(NS(C)(=O)=O)c3)c2cc1OC,7700.0,intermediate
CHEMBL94191,COc1cc2ncnc(Nc3ccccc3)c2cc1OC,1700.0,intermediate
CHEMBL1983268,CN1CCN(c2ccc(C(=O)Nc3n[nH]c4ccc(Cc5cc(F)cc(F)c5)cc34)c(NC3CCOCC3)c2)CC1,393.0,active
CHEMBL3805771,CCN1CCN(Cc2ccc(NC(=O)CNc3ccc(-c4ccc(NC(=O)C5CC5)nc4)cc3)cc2C(F)(F)F)CC1,7.0,active
CHEMBL3806189,CN1CCN(Cc2ccc(NC(=O)CNc3ccc(-c4ccc(NC(=O)C5CC5)nc4)cc3F)cc2C(F)(F)F)CC1,1.0,active
CHEMBL3818247,CN1C(=O)COc2c1cnc1ccc(Sc3nnc4c(F)cc(-c5cnn(C)c5)cn34)cc21,30000.0,inactive
CHEMBL3823212,Cc1ccc(-c2nn(CCN3CCC(N(C)C)CC3)c3ncnc(N)c23)cc1,6584.0,intermediate
CHEMBL3823849,Cc1ccc(-c2nn(CCN3CCC(CN(C)C)CC3)c3ncnc(N)c23)cc1,10000.0,inactive
CHEMBL3822591,Cc1ccc(-c2nn(CCN3CCC(CCN(C)C)CC3)c3ncnc(N)c23)cc1,10000.0,inactive
CHEMBL306380,Cc1ccc(-c2nn(C(C)(C)C)c3ncnc(N)c23)cc1,11.0,active
CHEMBL3823861,CN(C)CC1CCN(CCn2nc(-c3cnc4[nH]ccc4c3)c3c(N)ncnc32)CC1,289.0,active
CHEMBL3824089,COc1cc(-c2nn(CCN3CCC(N(C)C)CC3)c3ncnc(N)c23)ccc1NC(=O)OC(C)(C)C,10000.0,inactive
CHEMBL3827178,C[C@@H](Oc1ccc2[nH]nc(-c3nc4cc(N5CCN(C)CC5)ccc4[nH]3)c2c1)c1c(Cl)cncc1Cl,100.0,active
CHEMBL3735648,CC1(C)c2cc(C3CCN(CC4CCOCC4)CC3)ccc2C(=O)c2c1[nH]c1cc(C#N)ccc21,1.6,active
CHEMBL1738797,CCc1cc2c(cc1N1CCC(N3CCOCC3)CC1)C(C)(C)c1[nH]c3cc(C#N)ccc3c1C2=O,4.8,active
CHEMBL3961612,CN1CCN(Cc2ccc(NC(=O)c3ccc(Cl)c(-c4noc(-c5cccnc5)n4)c3)cc2C(F)(F)F)CC1,7.3,active
CHEMBL3915551,CN1CCN(Cc2ccc(NC(=O)c3ccc(Cl)c(-c4nnc(-c5cccnc5)o4)c3)cc2C(F)(F)F)CC1,137.8,active
CHEMBL3985315,CN1CCN(Cc2ccc(NC(=O)c3ccc(Cl)c(-c4nc(-c5cccnc5)no4)c3)cc2C(F)(F)F)CC1,12.4,active
CHEMBL3925190,CN1CCN(Cc2ccc(NC(=O)c3ccc(Cl)c(-c4nc(-c5cccnc5)co4)c3)cc2C(F)(F)F)CC1,21.4,active
CHEMBL3952889,CN1CCN(Cc2ccc(NC(=O)c3ccc(Cl)c(-c4cnc(-c5cccnc5)o4)c3)cc2C(F)(F)F)CC1,19.4,active
CHEMBL3916184,CN1CCN(Cc2ccc(NC(=O)c3ccc(Cl)c(C#Cc4cccnc4)c3)cc2C(F)(F)F)CC1,2.5,active
CHEMBL3943036,CN1CCN(Cc2ccc(NC(=O)c3cccc(-c4noc(-c5cccnc5)n4)c3)cc2C(F)(F)F)CC1,17.9,active
CHEMBL3972633,Cc1ccc(C(=O)Nc2ccc(CN3CCN(C)CC3)c(C(F)(F)F)c2)cc1-c1noc(-c2cccnc2)n1,107.6,active
CHEMBL3913553,CN1CCN(Cc2ccc(NC(=O)c3ccc(Cl)c(-c4noc(-c5ccncc5)n4)c3)cc2C(F)(F)F)CC1,26.6,active
CHEMBL3961567,COc1ccc(-c2nc(-c3cc(C(=O)Nc4ccc(CN5CCN(C)CC5)c(C(F)(F)F)c4)ccc3Cl)no2)cn1,341.9,active
CHEMBL3987007,COCCOc1cncc(-c2nc(-c3cc(C(=O)Nc4ccc(CN5CCN(C)CC5)c(C(F)(F)F)c4)ccc3Cl)no2)c1,11.4,active
CHEMBL3947880,CN1CCN(Cc2ccc(NC(=O)c3ccc(Cl)c(-c4noc(-c5cncc(N6CCOCC6)c5)n4)c3)cc2C(F)(F)F)CC1,2.1,active
CHEMBL3906151,CN1CCN(Cc2ccc(NC(=O)c3ccc(Cl)c(-c4noc(-c5cncc(-c6cnn(C)c6)c5)n4)c3)cc2C(F)(F)F)CC1,1.8,active
CHEMBL3979920,Cn1cc(-c2nc(N[C@@H]3CCCC[C@@H]3N)c(F)c3c2C(=O)NC3)cn1,19.0,active
CHEMBL1287853,Cc1cnc(Nc2ccc(OCCN3CCCC3)cc2)nc1Nc1cccc(S(=O)(=O)NC(C)(C)C)c1,48.0,active
CHEMBL669,CN(C)CCC=C1c2ccccc2C=Cc2ccccc21,300.0,active
CHEMBL629,CN(C)CCC=C1c2ccccc2CCc2ccccc21,1000.0,active
CHEMBL445,CNCCC=C1c2ccccc2CCc2ccccc21,1500.0,intermediate
CHEMBL1906929,CN(C)CCOC1c2ccccc2C=Cc2ccccc21,2500.0,intermediate
CHEMBL3693950,CCN(CC)CCCOC(=O)CC1c2ccccc2C=Cc2ccccc21,4000.0,intermediate
CHEMBL44819,NCC1c2ccccc2CCc2ccccc21,5000.0,intermediate
CHEMBL627,C[N+](C)([O-])CCC=C1c2ccccc2CCc2ccccc21,10000.0,inactive
CHEMBL1454772,CN(C)CCCC1(O)c2ccccc2C=Cc2ccccc21,10000.0,inactive
CHEMBL87708,CN(CCCN1c2ccccc2CCc2ccccc21)CC(=O)c1ccc(Cl)cc1,20000.0,inactive
CHEMBL860,CN(C)CC/C=C1\c2ccccc2COc2ccccc21,20000.0,inactive
CHEMBL3693951,CN(C)CCNC1c2ccccc2-c2ccccc21,20000.0,inactive
CHEMBL3693952,NCCCC1(CCCN)c2ccccc2-c2ccccc21,20000.0,inactive
CHEMBL110094,CN(C)CCC=C1c2ccccc2C(C)(C)c2ccccc21,20000.0,inactive
CHEMBL3687191,CCc1nc(C(N)=O)c(Nc2ccc(N3CCN(C)CC3)cc2)nc1N[C@H]1CC[C@H](O)CC1,1.1,active
CHEMBL3687194,CCc1nc(C(N)=O)c(Nc2ccc(N3CCC(N4CCN(C)CC4)CC3)cc2)nc1N[C@H]1CC[C@H](O)CC1,0.95,active
CHEMBL3687195,CC(C)c1nc(C(N)=O)c(Nc2ccc(N3CCN(C)CC3)cc2)nc1N[C@H]1CC[C@H](O)CC1,1.7,active
CHEMBL3687200,CCc1nc(C(N)=O)c(Nc2ccc(N3CCC(N4CCN(C)CC4)CC3)c(C(F)(F)F)c2)nc1N[C@H]1CC[C@H](O)CC1,1.5,active
CHEMBL3687202,CCc1nc(C(N)=O)c(Nc2ccc(N3CCC(N4CCN(C)CC4)CC3)c(C)c2)nc1N[C@H]1CC[C@H](O)CC1,1.0,active
CHEMBL3687205,CC(C)c1nc(C(N)=O)c(Nc2ccc(N3CCC(N4CCN(C)CC4)CC3)c(C(F)(F)F)c2)nc1N[C@H]1CC[C@H](O)CC1,2.3,active
CHEMBL3687207,CCc1nc(C(N)=O)c(Nc2ccc(N3CCC(N4CCN(C)CC4)CC3)c(C)c2)nc1N[C@H]1CC[C@@](C)(O)CC1,1.1,active
CHEMBL3687210,CCc1nc(C(N)=O)c(Nc2ccc(N3CCN(C(C)C)CC3)c(C)c2)nc1N[C@H]1CC[C@H](O)CC1,1.3,active
CHEMBL3687212,CCc1nc(C(N)=O)c(Nc2ccc(N3CCC(N4CCN(C)CC4)CC3)c(C)c2)nc1N[C@H]1CC[C@](C)(O)CC1,1.0,active
CHEMBL3687215,CCc1nc(C(N)=O)c(Nc2ccc(N3CCC(N4CCN(C)CC4)CC3)c(C)c2)nc1NC1CCOCC1,1.0,active
CHEMBL3687217,Cc1cc(Nc2nc(N[C@H]3CC[C@H](O)CC3)c(Cl)nc2C(N)=O)ccc1N1CCC(N2CCN(C)CC2)CC1,1.3,active
CHEMBL3687220,CCc1nc(C(N)=O)c(Nc2ccc(N3CCC(N4CCN(C)CC4)CC3)cc2)nc1NC1CCOCC1,1.3,active
CHEMBL3301622,CCc1nc(C(N)=O)c(Nc2ccc(N3CCC(N4CCN(C)CC4)CC3)c(OC)c2)nc1NC1CCOCC1,3.4,active
CHEMBL3687221,CC(C)c1nc(C(N)=O)c(Nc2ccc(N3CCC(N4CCN(C)CC4)CC3)cc2)nc1NC1CCOCC1,1.5,active
CHEMBL3687222,CCc1nc(C(N)=O)c(Nc2ccc(N3CCN(C)CC3)c(F)c2)nc1NC1CCOCC1,1.1,active
CHEMBL3687223,COc1cc(Nc2nc(NC3CCOCC3)c(C(C)C)nc2C(N)=O)ccc1N1CCN(C)CC1,3.6,active
CHEMBL3687224,CC(C)c1nc(C(N)=O)c(Nc2ccc(N3CCN(C)CC3)cc2)nc1NC1CCOCC1,2.9,active
CHEMBL3687225,CCc1nc(C(N)=O)c(Nc2ccc(N3CCN(C4CCN(C)CC4)CC3)c(C)c2)nc1NC1CCOCC1,1.1,active
CHEMBL3981567,COc1cc2c(Oc3ccc(NC(=O)C4(C(=O)Nc5ccc(F)cc5)CC4)cc3F)ccnc2cc1OCCCC(=O)NO,154.0,active
CHEMBL253969,NC(=O)c1c(OCc2c(F)cc(Br)cc2F)nsc1NC(=O)NCCCCN1CCCC1,11.1,active
CHEMBL4060622,CC(C)n1nc(-c2cc(-c3ccsc3)on2)c(C(N)=O)c1N,2902.0,intermediate
CHEMBL4094670,CC(C)n1nc(-c2cc(-c3cccs3)on2)c(C(N)=O)c1N,1218.0,intermediate
CHEMBL4090213,CC(C)n1nc(-c2cc(C3CC3)on2)c(C(N)=O)c1N,252.0,active
CHEMBL4069150,CC(C)n1nc(-c2cc(C3CCCCC3)on2)c(C(N)=O)c1N,2695.0,intermediate
CHEMBL4079894,CC(C)n1nc(-c2cc(C(C)(C)C)on2)c(C(N)=O)c1N,2224.0,intermediate
CHEMBL4097921,CC(C)c1cc(-c2nn(C(C)C)c(N)c2C(N)=O)no1,1259.0,intermediate
CHEMBL4082500,CCc1cc(-c2nn(C(C)C)c(N)c2C(N)=O)no1,631.0,active
CHEMBL4074164,CC(C)n1nc(-c2cc(-c3ccccn3)on2)c(C(N)=O)c1N,4803.0,intermediate
CHEMBL4086972,CC(C)n1nc(-c2cc(-c3cccnc3)on2)c(C(N)=O)c1N,3395.0,intermediate
CHEMBL4065543,CC(C)n1nc(-c2cc(-c3ccc(F)cc3)on2)c(C(N)=O)c1N,416.0,active
CHEMBL4079119,Cc1ccc(-c2cc(-c3nn(C(C)C)c(N)c3C(N)=O)no2)cc1,1661.0,intermediate
CHEMBL4103365,CC(C)n1nc(-c2cc(Cc3ccccc3)on2)c(C(N)=O)c1N,1639.0,intermediate
CHEMBL4068248,CC(C)n1nc(-c2cc(-c3ccccc3)on2)c(C(N)=O)c1N,236.0,active
CHEMBL4095617,CC(C)n1nc(-c2coc(C3CC3)n2)c2c(N)ncnc21,139.0,active
CHEMBL4091628,CN1CCN(Cc2ccc(NC(=O)c3ccc(Cl)c(C#Cc4cncc(N5CCOCC5)c4)c3)cc2C(F)(F)F)CC1,1.3,active
CHEMBL2006765,CCCNC(=O)c1ccc(Nc2nc(NCC(F)(F)F)c3cc[nH]c3n2)cc1,132.0,active
CHEMBL4078893,FC(F)(F)CNc1nc(Nc2ccc(N3CCOCC3)c(Cl)c2)nc2ccoc12,1510.0,intermediate
CHEMBL4066664,FC(F)(F)CNc1nc(Nc2ccc3cn[nH]c3c2)nc2ccoc12,3500.0,intermediate
CHEMBL4069365,CC1(C)OCC(=O)Nc2cc(Nc3nc(NCC(F)(F)F)c4occc4n3)ccc21,379.0,active
CHEMBL4062803,Cc1n[nH]c2cc(Nc3nc(NC4CC4)c4occc4n3)ccc12,2950.0,intermediate
CHEMBL1642655,CC(C)(C)c1ccc(C(=O)Nc2cn3cc(-n4ccnc4)ccc3n2)cc1,11481.54,inactive
CHEMBL4073198,COCCn1cc(NC(=O)c2csc(-c3nncn3C(C)C)n2)cn1,616.6,active
CHEMBL4072731,Cc1cc(NC(=O)Nc2ccc(-c3ccnc4[nH]nc(C)c34)cc2)ccc1N1CCOCC1,1000.0,active
CHEMBL4105329,Cc1n[nH]c2ccc(-c3cc(N[C@@H](CO)c4ccccc4)cnc3-c3cc(Cl)ccc3O)cc12,0.7,active
CHEMBL4067871,OC[C@H](Nc1cnc(-c2cc(Cl)ccc2O)c(-c2ccc3cnccc3c2)c1)c1ccccc1,0.04,active
CHEMBL4062877,Cc1n[nH]c2ccc(-c3cc(N[C@@H](CO)c4ccccc4)cnc3-c3cc(F)ccc3O)cc12,0.2,active
CHEMBL4075917,Cc1n[nH]c2ccc(-c3cc(N[C@@H](CO)c4ccccc4)cnc3-c3ccc(F)cc3O)cc12,0.4,active
CHEMBL4074262,CC(c1cc2cc(-c3cnn(C)c3)cnc2cc1F)n1nnc2ncc(-c3cnn(CCO)c3)nc21,30000.0,inactive
CHEMBL460702,CCOc1ccn(-c2ccc(F)cc2)c(=O)c1C(=O)Nc1ccc(Oc2ccnc(N)c2Cl)c(F)c1,594.0,active
CHEMBL4104302,Nc1nccc(Oc2ccc(NC(=O)C3(C(=O)Nc4ccc(F)cc4)CC3)cc2F)c1Cl,387.0,active
CHEMBL4088300,CC(C)n1nc(-c2cc(CO)on2)c2c(N)ncnc21,410.0,active
CHEMBL4096031,CC(O)c1cc(-c2nn(C(C)C)c3ncnc(N)c23)no1,61.2,active
CHEMBL4063276,CCc1ccc(C#Cc2c3n(c4ncnc(N)c24)C(C)CC3)cc1,62.5,active
CHEMBL4091151,CCc1ccc(C#Cc2c3n(c4ncnc(N)c24)CCCC3)cc1,102.0,active
CHEMBL4098899,C=C1CCn2c1c(C#Cc1ccccc1)c1c(N)ncnc12,104.0,active
CHEMBL4101411,CC(C)(C)c1cc(NC(=O)Nc2ccc(-n3nc(-c4ccc(OCCN5CCOCC5)cc4)c4c(N)ncnc43)cc2)no1,32.0,active
CHEMBL4095253,C=CS(=O)(=O)N1CCC[C@@H]1Cn1cc(-c2ccc3c(c2)OCO3)c2c(N)ncnc21,89.5,active
CHEMBL4077373,CC(=O)N1Cc2ncnc(Oc3ccc4c(ccn4C(=O)Nc4cc(C5CC5)on4)c3)c2C[C@@H]1C,500.0,active
CHEMBL4168811,COC(=O)c1ccc2c(c1)NC(=O)/C2=C(\Nc1ccc2c(c1)N(C(=O)CN1CCOCC1)CC2)c1ccccc1,7.6,active
CHEMBL4171115,COc1cc2c(Oc3ccc(NC(=O)NN4C(=O)CSC4c4c(F)cccc4F)c(F)c3)ccnc2cc1OCCCN1CCCC1,152.0,active
CHEMBL4204515,CNc1ncc2c(-c3ccc(N4CCN(C(=O)C(C)(C)C)CC4)nc3)nn(CC3CCCC3)c2n1,10000.0,inactive
CHEMBL4213775,CCN1CCN(c2ccc(-c3nn(CC4CCCC4)c4nc(NC)ncc34)cn2)CC1,440.0,active
CHEMBL4208852,CNc1ncc2c(-c3ccc(N4CCN(C)CC4)nc3)nn(CC3CCCC3)c2n1,60.0,active
CHEMBL4218175,CNc1ncc2c(-c3ccc(N4CCN(C)CC4)cc3)nn(CC3CCCC3)c2n1,6.0,active
CHEMBL3809489,Nc1nc(Nc2ccc3c(c2)CC[C@@H](N2CCCC2)CC3)nn1-c1cc2c(nn1)-c1ccccc1CCC2,3.0,active
CHEMBL4207004,CNc1ncc2c(-c3ccc(N4CCN(C(=O)C(C)(C)C)CC4)nc3)nn(Cc3cn(Cc4ccccc4)nn3)c2n1,4000.0,intermediate
CHEMBL4217649,CCN1CCN(c2ccc(-c3nn(Cc4cn(Cc5ccccc5)nn4)c4nc(NC)ncc34)cn2)CC1,6200.0,intermediate
CHEMBL4218369,CNc1ncc2c(-c3ccc(N4CCN(C)CC4)nc3)nn(Cc3cn(Cc4ccccc4)nn3)c2n1,900.0,active
CHEMBL4211308,CNc1ncc2c(-c3ccc(N4CCNCC4)cc3)nn(Cc3cn(Cc4ccccc4)nn3)c2n1,10000.0,inactive
CHEMBL4205191,CNc1ncc2c(-c3ccc(N4CCNCC4)nc3)nn(Cc3cn(-c4ccsc4C(=O)OC)nn3)c2n1,430.0,active
CHEMBL4210084,CNc1ncc2c(-c3ccc(N4CCNCC4)nc3)nn(Cc3cn(Cc4ccccc4)nn3)c2n1,600.0,active
CHEMBL4209569,CNc1ncc2c(-c3ccc(OC)cc3)nn(CC3OCCO3)c2n1,1200.0,intermediate
CHEMBL4214476,CNc1ncc2c(-c3ccc(N4CCNCC4)nc3)nn(CC3OCCO3)c2n1,160.0,active
CHEMBL4213003,CNc1ncc2c(-c3ccc(N4CCNCC4)nc3)nn(CC3CCCC3)c2n1,50.0,active
CHEMBL4211949,C=CC(=O)N[C@@H]1Cn2c(c(-c3ccc(Oc4ccccc4)cc3)c3c(N)ncnc32)C1=C,20.3,active
CHEMBL4210100,COc1cc2c(cc1OC)Nc1ncnc(Oc3ccc(NC(=O)C4(C(=O)Nc5ccc(F)cc5)CC4)cc3F)c1NC2,162.8,active
CHEMBL4215099,CCN1CCN(Cc2ccc(NC(=O)Nc3ccc(-c4ccnc(NC)c4)cc3)cc2C(F)(F)F)CC1,22.2,active
CHEMBL4205803,CCN1CCN(Cc2ccc(NC(=O)Nc3ccc(-c4ccc(NC)nc4)cc3)cc2C(F)(F)F)CC1,0.7,active
CHEMBL4210670,CCN1CCN(Cc2ccc(NC(=O)Nc3ccc(-c4ccc(=O)[nH]c4)cc3)cc2C(F)(F)F)CC1,1.2,active
CHEMBL4218013,CCOc1cc(-c2ccc(NC(=O)Nc3ccc(CN4CCN(CC)CC4)c(C(F)(F)F)c3)c(F)c2)c[nH]c1=O,0.1,active
CHEMBL4206308,CCOc1cc(=O)[nH]cc1-c1ccc(CC(=O)Nc2cccc(C(F)(F)F)c2)c(F)c1,1.7,active
CHEMBL4213626,CCOc1cc(=O)[nH]cc1-c1ccc(CC(=O)Nc2ccc(CN(C)C)c(C(F)(F)F)c2)c(F)c1,0.8,active
CHEMBL4218563,CCOc1cc(=O)[nH]cc1-c1ccc(CC(=O)Nc2ccc(CC(C)(C)N)c(C(F)(F)F)c2)c(F)c1,0.2,active
CHEMBL4209229,CCOc1cc(=O)[nH]cc1-c1ccc(CC(=O)Nc2cc(C(F)(F)F)cc(CN(C)C)c2F)c(F)c1,2.8,active
CHEMBL4214146,CCOc1cc(=O)[nH]cc1-c1ccc(CC(=O)Nc2ccc(C(C)C#N)c(C(F)(F)F)c2)c(F)c1,0.7,active
CHEMBL4218127,CCOc1cc(=O)[nH]cc1-c1ccc(CC(=O)Nc2ccc(CC(C)(C)O)c(C(F)(F)F)c2)c(F)c1,0.4,active
CHEMBL4205243,CCOc1cc(=O)[nH]cc1-c1ccc(CC(=O)Nc2ccc(CC(C)(C)CO)c(C(F)(F)F)c2)c(F)c1,0.4,active
CHEMBL4203429,CCOc1cc(=O)[nH]cc1-c1ccc(CC(=O)Nc2ccc(CC(C)(C)CS(C)(=O)=O)c(C(F)(F)F)c2)c(F)c1,0.6,active
CHEMBL4212513,CCOc1cc(=O)[nH]cc1-c1ccc(CC(=O)Nc2cc(-c3nnc(C)o3)cc(C(F)(F)F)c2)c(F)c1,0.4,active
CHEMBL4228601,CCN1CCN(Cc2ccc(NC(=O)Nc3ccc(C4=Nc5cscc5NC(=O)C4)cc3)cc2C(F)(F)F)CC1,71.6,active
CHEMBL1704021,CC(C)(CC(=O)O)CC(=O)Nc1cc(-c2ccccc2)[nH]n1,82600.0,inactive
CHEMBL50,O=c1c(O)c(-c2ccc(O)c(O)c2)oc2cc(O)cc(O)c12,78100.0,inactive
CHEMBL172517,CCOc1cc(O)c2c(=O)cc(-c3ccccc3)oc2c1,68400.0,inactive
CHEMBL4239930,Nc1ccccc1SCc1nc2ccccc2c(=O)[nH]1,63800.0,inactive
CHEMBL4237913,O=C1NCCN1CCN(CC(O)c1ccccc1)CC(O)c1ccccc1,54000.0,inactive
CHEMBL273103,Cc1ccc(-c2oc3ccccc3c(=O)c2O)cc1,20900.0,inactive
CHEMBL4241633,O=C1c2ccccc2O[C@@H](c2ccc(Cl)cc2)[C@@H]1O,12100.0,inactive
CHEMBL4249671,COc1ccc(OC)c(NC(=O)Nc2ccc(SCc3n[nH]c(-c4ccc(Cl)cc4)n3)cc2)c1,5510.0,intermediate
CHEMBL4249208,CC(=O)c1cccc(NC(=O)Nc2ccc(SCc3n[nH]c(-c4ccccc4)n3)cc2)c1,6070.0,intermediate
CHEMBL4238220,CN1CCN(c2ccc(-c3nc(CSc4ccc(Cl)cc4)n[nH]3)cc2)CC1,19000.0,inactive
CHEMBL4244888,Oc1ccc(-c2nc(CSc3ccc(Cl)cc3)n[nH]2)cc1,32500.0,inactive
CHEMBL47173,O=C1Nc2ccccc2/C1=C/c1ccc(-c2cccs2)s1,9400.0,intermediate
CHEMBL4238771,Clc1ccc(SCc2n[nH]c(-c3ccc(Cl)cc3)n2)cc1,9380.0,intermediate
CHEMBL4242953,Nc1c(-c2ccc(Cl)cc2)oc2ccccc2c1=O,6470.0,intermediate
CHEMBL1488812,Cc1ccc(Cc2cc(-c3ccc(F)cc3)nnc2O)cc1,6160.0,intermediate
CHEMBL4245507,O=C(Cc1cccc(OCCCN2CCNCC2)c1)Nc1nc(-c2ccncc2)cs1,1000.0,active
CHEMBL4281823,CCn1cc(-c2ccc3c(c2)CCN3C(=O)Cc2cccc(OC(F)(F)F)c2)c2c(N)ncnc21,66.0,active
CHEMBL4292020,CN1CCN(c2ccc(-c3c(-c4cc(F)c(O)c(F)c4)cnc4[nH]ccc34)cc2)CC1,1000.0,active
CHEMBL4541330,C=CC(=O)NCc1ccc(-n2nc3c(=O)[nH]nc(N)c3c2-c2oc3ccc(C)cc3c2C)cc1,1000.0,active
CHEMBL482968,Cc1cc(Nc2cc(N3CCN(C)CC3)nc(/C=C/c3ccccc3)n2)n[nH]1,10.0,active
CHEMBL4466555,Cc1ccc(C(=O)Nc2ccc(Cl)c(C(F)(F)F)c2)cc1NC(=O)C1(c2ncnc3[nH]cnc23)CC1,5.2,active
CHEMBL4475216,COC[C@@H](C)Nc1cc(NC(=O)N2CCCc3cc(CN4CCCCOC4=O)c(C=O)nc32)ncc1C#N,10000.0,inactive
CHEMBL4534366,NC(=O)c1ccc(-c2cnn3ccc(NCc4ccncc4)nc23)cc1,20.0,active
CHEMBL4463076,CN(C)C(=O)c1ccc(-c2cnn3ccc(NCc4ccncc4)nc23)cc1,7600.0,intermediate
CHEMBL4468733,NC(=O)c1ccc(-c2cnn3ccc(NCc4ccccn4)nc23)cc1,44.0,active
CHEMBL4570029,NC(=O)c1ccc(-c2cnn3ccc(NCc4cccnc4)nc23)cc1,51.0,active
CHEMBL4457706,CN(C)CCNc1ccn2ncc(-c3ccc(C(N)=O)cc3)c2n1,350.0,active
CHEMBL4541958,c1ccc(-c2cnn3ccc(NCc4ccncc4)nc23)cc1,1140.0,intermediate
CHEMBL4475722,NC(=O)c1cccc(-c2cnn3ccc(NCc4ccncc4)nc23)c1,4300.0,intermediate
CHEMBL4536438,NS(=O)(=O)c1ccc(-c2cnn3ccc(NCc4ccncc4)nc23)cc1,360.0,active
CHEMBL4593942,O=C(O)c1ccc(-c2cnn3ccc(NCc4ccncc4)nc23)cc1,560.0,active
CHEMBL4544713,CC(=O)Nc1ccc(-c2cnn3ccc(NCc4ccncc4)nc23)cc1,6700.0,intermediate
CHEMBL4454509,CC(=O)Nc1cccc(-c2cnn3ccc(NCc4ccncc4)nc23)c1,1600.0,intermediate
CHEMBL4531066,CS(=O)(=O)Nc1ccc(-c2cnn3ccc(NCc4ccncc4)nc23)cc1,1500.0,intermediate
CHEMBL4513446,c1cc(CNc2ccn3ncc(-c4ccc5cn[nH]c5c4)c3n2)ccn1,300.0,active
CHEMBL4547553,c1cc(CNc2ccn3ncc(-c4ccc5c(c4)OCO5)c3n2)ccn1,290.0,active
CHEMBL4458622,c1ccc(CNc2ccn3ncc(-c4ccc5c(c4)OCO5)c3n2)nc1,39.0,active
CHEMBL4450404,c1ccc(CNc2ccn3ncc(-c4ccc5c(c4)OCO5)c3n2)cc1,29000.0,inactive
CHEMBL4537023,c1cc(Nc2ccn3ncc(-c4ccc5c(c4)OCO5)c3n2)ccn1,63000.0,inactive
CHEMBL4532182,c1cc2c(cc1-c1cnn3ccc(NCC4CCNCC4)nc13)OCO2,200.0,active
CHEMBL4560012,c1cc2c(cc1-c1cnn3ccc(NC4CCNCC4)nc13)OCO2,880.0,active
CHEMBL4536873,CN(C)CCNc1ccn2ncc(-c3ccc4c(c3)OCO4)c2n1,91.0,active
CHEMBL4476151,c1cc2c(cc1-c1cnn3ccc(NCCN4CCCCC4)nc13)OCO2,660.0,active
CHEMBL4561280,CN(C)CCCNc1ccn2ncc(-c3ccc4c(c3)OCO4)c2n1,19.0,active
CHEMBL4466600,OCCNc1ccn2ncc(-c3ccc4c(c3)OCO4)c2n1,130.0,active
CHEMBL4470529,COc1cc(N2CCN(CCN(C)C)C2=O)ccc1Nc1ncc(Cl)c(Nc2ccccc2S(=O)(=O)C(C)C)n1,1000.0,active
CHEMBL4473213,CC(C)(C)c1cc(NC(=O)Cc2ccc(-n3cnc4cc(-c5ccc(S(C)(=O)=O)cc5)ccc43)cc2)no1,1.0,active
CHEMBL4577779,COc1cc2nccc(Oc3ccc(NC(=O)Cc4ccc(Cl)c(C(F)(F)F)c4)cc3)c2cc1OC,34.0,active
CHEMBL4438748,CN(C)c1ccc(C(=O)Nc2cccc(NC(=O)COc3ccc4c(=O)ccoc4c3)c2)cc1,10000.0,inactive
CHEMBL4441604,CCc1nc(C(N)=O)c(Nc2ccc(N3CCN(C)CC3)cc2)nc1N[C@H]1CC[C@H](O)CC1.O=C(O)/C=C/C(=O)O,1.1,active
CHEMBL4465661,CCc1nc(C(N)=O)c(Nc2ccc(N3CCC(N4CCN(C)CC4)CC3)cc2)nc1N[C@H]1CC[C@H](O)CC1.O=C(O)/C=C/C(=O)O,0.95,active
CHEMBL4454732,CC(C)c1nc(C(N)=O)c(Nc2ccc(N3CCN(C)CC3)cc2)nc1N[C@H]1CC[C@H](O)CC1.O=C(O)/C=C/C(=O)O,1.7,active
CHEMBL4574005,CCc1nc(C(N)=O)c(Nc2ccc(N3CCC(N4CCN(C)CC4)CC3)c(C(F)(F)F)c2)nc1N[C@H]1CC[C@H](O)CC1.O=C(O)/C=C/C(=O)O,1.5,active
CHEMBL4466977,CCc1nc(C(N)=O)c(Nc2ccc(N3CCC(N4CCN(C)CC4)CC3)c(C)c2)nc1N[C@H]1CC[C@H](O)CC1.O=C(O)/C=C/C(=O)O,1.0,active
CHEMBL4465573,CC(C)c1nc(C(N)=O)c(Nc2ccc(N3CCC(N4CCN(C)CC4)CC3)c(C(F)(F)F)c2)nc1N[C@H]1CC[C@H](O)CC1.O=C(O)/C=C/C(=O)O,2.3,active
CHEMBL4524842,CCc1nc(C(N)=O)c(Nc2ccc(N3CCC(N4CCN(C)CC4)CC3)c(C)c2)nc1N[C@H]1CC[C@@](C)(O)CC1.O=C(O)/C=C/C(=O)O,1.1,active
CHEMBL4528166,CCc1nc(C(N)=O)c(Nc2ccc(N3CCN(C(C)C)CC3)c(C)c2)nc1N[C@H]1CC[C@H](O)CC1.O=C(O)/C=C/C(=O)O,1.3,active
CHEMBL4438824,CCc1nc(C(N)=O)c(Nc2ccc(N3CCC(N4CCN(C)CC4)CC3)c(C)c2)nc1N[C@H]1CC[C@](C)(O)CC1.O=C(O)/C=C/C(=O)O,1.0,active
CHEMBL4580325,CCc1nc(C(N)=O)c(Nc2ccc(N3CCC(N4CCN(C)CC4)CC3)c(C)c2)nc1NC1CCOCC1.O=C(O)/C=C/C(=O)O,1.0,active
CHEMBL4580299,Cc1cc(Nc2nc(N[C@H]3CC[C@H](O)CC3)c(Cl)nc2C(N)=O)ccc1N1CCC(N2CCN(C)CC2)CC1.O=C(O)/C=C/C(=O)O,1.3,active
CHEMBL4463071,CCc1nc(C(N)=O)c(Nc2ccc(N3CCC(N4CCN(C)CC4)CC3)cc2)nc1NC1CCOCC1.O=C(O)/C=C/C(=O)O,1.3,active
CHEMBL4524472,CCc1nc(C(N)=O)c(Nc2ccc(N3CCC(N4CCN(C)CC4)CC3)c(OC)c2)nc1NC1CCOCC1.O=C(O)/C=C/C(=O)O,3.4,active
CHEMBL4483656,CC(C)c1nc(C(N)=O)c(Nc2ccc(N3CCC(N4CCN(C)CC4)CC3)cc2)nc1NC1CCOCC1.O=C(O)/C=C/C(=O)O,1.5,active
CHEMBL4461418,CCc1nc(C(N)=O)c(Nc2ccc(N3CCN(C)CC3)c(F)c2)nc1NC1CCOCC1.O=C(O)/C=C/C(=O)O,1.1,active
CHEMBL4438727,COc1cc(Nc2nc(NC3CCOCC3)c(C(C)C)nc2C(N)=O)ccc1N1CCN(C)CC1.O=C(O)/C=C/C(=O)O,3.6,active
CHEMBL4591953,CC(C)c1nc(C(N)=O)c(Nc2ccc(N3CCN(C)CC3)cc2)nc1NC1CCOCC1.O=C(O)/C=C/C(=O)O,2.9,active
CHEMBL4591308,CCc1nc(C(N)=O)c(Nc2ccc(N3CCN(C4CCN(C)CC4)CC3)c(C)c2)nc1NC1CCOCC1.O=C(O)/C=C/C(=O)O,1.1,active
CHEMBL3918580,Cc1c(-c2ccc(C(N)=O)c3[nH]c4cc(C(C)(C)O)ccc4c23)cccc1-n1cnc2ccccc2c1=O,110.0,active
CHEMBL4068255,C[C@@H](c1cc2cccnc2cc1F)n1cnc2ncc(-c3cnn(C)c3)nc21,30000.0,inactive
CHEMBL4634634,C[C@@H]1C[C@H]1C(=O)N1CCN(c2cnc(C#N)c(-c3cnn(C)c3)n2)C[C@H]1C,100000.0,inactive
CHEMBL4640601,COc1ccc(-c2cnn3c(N)c(-c4ccccc4)c(OC4CCN(C)CC4)nc23)cc1OC,170.0,active
CHEMBL4634073,COC(=O)Nc1ccc(-c2c(OC3CCN(C)CC3)nc3c(-c4ccc(OC)c(OC)c4)cnn3c2N)cc1,6.0,active
CHEMBL4636995,COc1ccc(-c2cnn3c(N)c(-c4nccs4)c(OC4CCN(C)CC4)nc23)cc1OC,210.0,active
CHEMBL4790634,Cc1ccc(C(=O)Nc2ccc(CN3CCN(C)CC3)c(C(F)(F)F)c2)cc1Oc1nc(-c2cccnc2)nc2[nH]ncc12,3.98,active
CHEMBL1289601,COc1cc2nccc(Oc3ccc(NC(=O)NC4CC4)c(Cl)c3)c2cc1C(N)=O,35.0,active
CHEMBL3651854,Cc1cc(Nc2nc(Nc3ccccc3S(=O)(=O)C(C)C)c3c(C)[nH]nc3n2)c(OC(C)C)cc1C1CCN(C)CC1,3600.0,intermediate
CHEMBL4755698,C=CC(=O)N1CCC(Cn2cc(-c3ccc4c(c3)OCO4)c3c(N)ncnc32)CC1,639.8,active
CHEMBL3952214,CC(C)n1cnnc1-c1cccc(N2Cc3ccccc3C2=O)n1,63.1,active
CHEMBL4759397,CC(C)n1cnnc1-c1cccc(NC(=O)C2CCCCO2)n1,19952.62,inactive
CHEMBL4798527,Cc1ccc(NC(=O)c2ccc(C)c(C(F)(F)F)c2)cc1C#Cc1nn([C@H]2CC[C@H](O)CC2)c2ncnc(N)c12,4.0,active
CHEMBL4793380,CC(C)(C)c1cc(NC(=O)Nc2ccc(Nc3ncnc4c3OCCCN4)cc2)no1,9.0,active
CHEMBL4798842,CN1CCCOc2c(Nc3ccc(NC(=O)Nc4cc(C(C)(C)C)on4)cc3)ncnc21,1133.0,intermediate
CHEMBL4786825,CN1CCOc2c(Nc3ccc(NC(=O)Nc4cc(C(C)(C)C)on4)cc3)ncnc21,1501.0,intermediate
CHEMBL4797687,CC(C)(C)c1cc(NC(=O)Nc2ccc(Nc3ncnc4c3OCCN4)c(O)c2)no1,163.0,active
CHEMBL4784000,COc1cc(NC(=O)Nc2cc(C(C)(C)C)on2)ccc1Nc1ncnc2c1OCCN2,29.0,active
CHEMBL4798574,CC(C)(C)c1cc(NC(=O)Nc2cccc(Nc3ncnc4c3OCCN4)c2)no1,6552.0,intermediate
CHEMBL4789912,Cc1nc(Nc2ncnc3c2OCCN3)ccc1NC(=O)Nc1cc(C(C)(C)C)on1,877.0,active
CHEMBL4798046,Cc1cc(NC(=O)Nc2cc(C(C)(C)C)on2)ccc1Nc1ncnc2c1OCCN2,85.0,active
CHEMBL4789515,CC(C)(C)c1cc(NC(=O)Nc2ccc(Nc3ncnc4c3OCCN4)cc2F)no1,95.0,active
CHEMBL4784865,CC(C)(C)c1cc(NC(=O)Nc2ccc(Nc3ncnc4c3OCCN4)c(F)c2)no1,27.0,active
CHEMBL4783259,CC(C)(C)c1csc(NC(=O)Nc2ccc(Nc3ncnc4c3OCCN4)cc2)n1,10000.0,inactive
CHEMBL4781659,O=C(Nc1ccc(Nc2ncnc3c2OCCN3)cc1)Nc1cccc(-c2ccccc2)c1,10000.0,inactive
CHEMBL4797671,Cc1ccc(F)c(NC(=O)Nc2ccc(Nc3ncnc4c3OCCN4)cc2)c1,7004.0,intermediate
CHEMBL4793949,O=C(Nc1ccc(Nc2ncnc3c2OCCN3)cc1)Nc1ccc(C(F)(F)F)cc1,2469.0,intermediate
CHEMBL4794893,O=C(Nc1ccc(Br)cc1)Nc1ccc(Nc2ncnc3c2OCCN3)cc1,10000.0,inactive
CHEMBL4796114,O=C(Nc1ccc(Cl)cc1)Nc1ccc(Nc2ncnc3c2OCCN3)cc1,10000.0,inactive
CHEMBL4797171,O=C(Nc1ccc(Nc2ncnc3c2OCCN3)cc1)Nc1ccc(Cl)c(C(F)(F)F)c1,285.0,active
CHEMBL4793991,COc1ccc(NC(=O)Nc2ccc(Nc3ncnc4c3OCCN4)cc2)cc1,1221.0,intermediate
CHEMBL4781910,COc1cccc(NC(=O)Nc2ccc(Nc3ncnc4c3OCCN4)cc2)c1,10000.0,inactive
CHEMBL4792943,Cc1cc(C)cc(NC(=O)Nc2ccc(Nc3ncnc4c3OCCN4)cc2)c1,3766.0,intermediate
CHEMBL4786580,O=C(Nc1ccc(Nc2ncnc3c2OCCN3)cc1)Nc1cc(Cl)cc(Cl)c1,4478.0,intermediate
CHEMBL4788477,O=C(Nc1ccc(Nc2ncnc3c2OCCN3)cc1)Nc1cccc2ccccc12,10000.0,inactive
CHEMBL4779887,CC(C)(C)c1cc(NC(=O)Nc2ccc(Nc3ncnc4c3OCCN4)cc2)no1,58.0,active
CHEMBL4794285,O=C(Nc1ccc(Nc2ncnc3c2OCCN3)cc1)Nc1cccs1,10000.0,inactive
CHEMBL4794949,CC(C)(C)c1cc(NC(=O)Nc2ccc(Nc3ncnc4c3OCCN4)nc2)no1,54.0,active
CHEMBL4779377,CC(C)N1CCOc2c(Nc3ccc(NC(=O)Nc4cc(C(C)(C)C)on4)cc3)ncnc21,10000.0,inactive
CHEMBL4791998,Cl.O=C1Nc2ccc(F)cc2/C1=C1/Nc2ccccc2/C1=N\OCCN1CCNCC1,1.21,active
CHEMBL4799738,Cn1cc(-c2ccc3c(Nc4cccc(NC(=O)Nc5cccc(F)c5)c4)ncnc3c2)cn1,2000.0,intermediate
CHEMBL4785085,CC(C)c1ccc(NC(=O)Cc2ccc(Nc3ncnc4[nH]ccc34)cc2)cc1,7690.0,intermediate
CHEMBL4794703,CC(C)(C)c1ccc(NC(=O)Cc2ccc(Nc3ncnc4[nH]ccc34)cc2)cc1,15820.0,inactive
CHEMBL4790509,COc1cc(NC(=O)Cc2ccc(Nc3ncnc4[nH]ccc34)cc2)cc(OC)c1OC,47620.0,inactive
CHEMBL4795440,O=C(Cc1ccc(Nc2ncnc3[nH]ccc23)cc1)Nc1ccc2c(c1)OCO2,20000.0,inactive
CHEMBL4776658,O=C(Cc1ccc(Nc2ncnc3[nH]ccc23)cc1)Nc1cccc(C(F)(F)F)c1,16220.0,inactive
CHEMBL4779844,O=C(Cc1ccc(Nc2ncnc3[nH]ccc23)cc1)Nc1ccc(C(F)(F)F)c(Cl)c1,20000.0,inactive
CHEMBL4795925,O=C(Cc1ccc(Nc2ncnc3[nH]ccc23)cc1)Nc1ccc(Cl)c(F)c1,20000.0,inactive
CHEMBL4781264,O=C(Cc1ccc(Nc2ncnc3[nH]ccc23)cc1)Nc1cccc(F)c1,20000.0,inactive
CHEMBL4788511,O=C(Cc1ccc(Nc2ncnc3[nH]ccc23)cc1)Nc1ccc(OC(F)(F)F)cc1,20000.0,inactive
CHEMBL4779979,O=C(Cc1ccc(Nc2ncnc3[nH]ccc23)cc1)Nc1cccc2ncccc12,18960.0,inactive
CHEMBL4782595,CS(=O)(=O)c1ccc(NC(=O)Cc2ccc(Nc3ncnc4[nH]ccc34)cc2)cc1,20000.0,inactive
CHEMBL4791894,O=C(Cc1ccc(Nc2ncnc3[nH]ccc23)cc1)NC1CC1,2370.0,intermediate
CHEMBL4778954,O=C(Cc1ccc(Nc2ncnc3[nH]ccc23)cc1)NC1CCC1,3910.0,intermediate
CHEMBL4778887,O=C(Cc1ccc(Nc2ncnc3[nH]ccc23)cc1)NCc1ccccc1,4650.0,intermediate
CHEMBL4799653,Cn1nc(C(C)(C)C)cc1NC(=O)Cc1ccc(Nc2ncnc3[nH]ccc23)cc1,127.0,active
CHEMBL4787596,CC(C)(C)c1cc(NC(=O)Cc2ccc(Nc3ncnc4[nH]ccc34)cc2)no1,76.0,active
CHEMBL4783262,Cn1ccc2c(Nc3ccc(CC(=O)Nc4cc(C(C)(C)C)on4)cc3)ncnc21,3510.0,intermediate
CHEMBL4782706,Cn1nc(C(C)(C)C)cc1NC(=O)Cc1ccc(Nc2ncnc3c2ccn3C)cc1,3930.0,intermediate
CHEMBL4796452,Cn1nc(C(C)(C)C)cc1NC(=O)Cc1ccc(Nc2ncnc3sccc23)cc1,1060.0,intermediate
CHEMBL4798314,CC(C)(C)c1cc(NC(=O)Cc2ccc(Nc3ncnc4sccc34)cc2)no1,960.0,active
CHEMBL4800112,O=C(Cc1ccc(Nc2ncnc3sccc23)cc1)Nc1cccc(F)c1,20000.0,inactive
CHEMBL4778459,CC(C)(C)c1cc(NC(=O)Cc2cccc(Nc3ncnc4[nH]ccc34)c2)no1,31560.0,inactive
CHEMBL4779109,Cn1nc(C(C)(C)C)cc1NC(=O)Cc1cccc(Nc2ncnc3[nH]ccc23)c1,39560.0,inactive
CHEMBL4800102,O=C(Cc1cccc(Nc2ncnc3[nH]ccc23)c1)Nc1ccc(Cl)c(F)c1,20000.0,inactive
CHEMBL4793536,CC(C)(C)c1ccc(-c2cc3c(Nc4ccc(CC(=O)Nc5cc(C(C)(C)C)on5)cc4)ncnc3[nH]2)cc1,13520.0,inactive
CHEMBL4787848,CC(C)(C)c1ccc(-c2cc3c(Nc4ccc(CC(=O)Nc5cccc(F)c5)cc4)ncnc3[nH]2)cc1,20000.0,inactive
CHEMBL4781196,COc1ccc(-c2cc3c(Nc4ccc(CC(=O)Nc5cc(C(C)(C)C)nn5C)cc4)ncnc3[nH]2)cc1,120.0,active
CHEMBL4798335,COc1ccc(-c2cc3c(Nc4ccc(CC(=O)Nc5ccc(C(C)C)cc5)cc4)ncnc3[nH]2)cc1,2436.0,intermediate
CHEMBL4794322,COc1ccc(-c2cc3c(Nc4ccc(CC(=O)Nc5cccc(F)c5)cc4)ncnc3[nH]2)cc1,20000.0,inactive
CHEMBL4799589,COc1ccc(-c2cc3c(Nc4ccc(CC(=O)Nc5ccc(F)cc5)cc4)ncnc3[nH]2)cc1,20000.0,inactive
CHEMBL4778228,CC(C)(C)c1cc(NC(=O)Cc2ccc(Nc3ncnc4[nH]c(-c5ccsc5)cc34)cc2)no1,50.0,active
CHEMBL4778453,Cn1nc(C(C)(C)C)cc1NC(=O)Cc1ccc(Nc2ncnc3[nH]c(-c4ccsc4)cc23)cc1,52.0,active
CHEMBL4785273,O=C(Cc1ccc(Nc2ncnc3[nH]c(-c4ccsc4)cc23)cc1)Nc1cccc(F)c1,20000.0,inactive
CHEMBL4794686,CC(=O)c1ccc(-c2cc3c(Nc4ccc(CC(=O)Nc5cc(C(C)(C)C)on5)cc4)ncnc3[nH]2)cc1,44.0,active
CHEMBL4789906,Cn1cc(-c2cc3c(Nc4ccc(CC(=O)Nc5cc(C(C)(C)C)nn5C)cc4)ncnc3[nH]2)cn1,21.0,active
CHEMBL4784249,Cn1cc(-c2cc3c(Nc4ccc(CC(=O)Nc5cc(C(C)(C)C)on5)cc4)ncnc3[nH]2)cn1,9.0,active
CHEMBL4794666,Cn1cc(-c2cc3c(Nc4ccc(CC(=O)Nc5cccc(F)c5)cc4)ncnc3[nH]2)cn1,20000.0,inactive
CHEMBL4791835,CC(C)c1ccc(NC(=O)Cc2ccc(Nc3ncnc4[nH]c(-c5cnn(C)c5)cc34)cc2)cc1,20000.0,inactive
CHEMBL4794965,Cn1nc(C(C)(C)C)cc1NC(=O)Cc1ccc(Nc2ncnc3[nH]c(-c4ccc(S(C)(=O)=O)cc4)cc23)cc1,9.0,active
CHEMBL4791960,CC(C)(C)c1cc(NC(=O)Cc2ccc(Nc3ncnc4[nH]c(-c5ccc(S(C)(=O)=O)cc5)cc34)cc2)no1,6.8,active
CHEMBL4789222,Cn1cc(-c2cc3c(Nc4ccc(CC(=O)Nc5cc(C(C)(C)C)on5)cc4)ncnc3s2)cn1,820.0,active
CHEMBL4799943,Cn1cc(-c2cc3c(Nc4ccc(CC(=O)Nc5cc(C(C)(C)C)nn5C)cc4)ncnc3s2)cn1,1393.0,intermediate
CHEMBL4794496,COc1cc2ncnc(Oc3ccc(Nc4nccc5[nH]cc(-c6ccc(F)cc6)c(=O)c45)cc3F)c2cc1OC,65.3,active
CHEMBL4873571,CC(C)n1cc(C(=O)Nc2ccc(Oc3ccnc(NC(=O)C4CC4)c3)c(F)c2)c(=O)n(-c2ccc(F)cc2)c1=O,1000.0,active
CHEMBL4847680,Cn1cc(-c2ccn3c(-c4ccc(-c5cccc(Cl)c5)s4)cnc3c2)cn1,6830.0,intermediate
CHEMBL4852822,COc1cccc(OC)c1-c1ccc(-c2cnc3cc(-c4cnn(C)c4)ccn23)s1,5430.0,intermediate
CHEMBL4858720,Nc1ncnc2c1c(-c1cccc(O)c1)cn2[C@H]1C[C@@H](CO)C1,51.0,active
CHEMBL169390,Nc1ncnc2c1c(-c1cccc(O)c1)cn2C1CCCC1,4.0,active
CHEMBL4854822,CC(=O)N1CCN([C@H]2C[C@@H](n3cc(-c4cc(O)ccc4F)c4c(N)ncnc43)C2)CC1,920.0,active
CHEMBL4848347,CC(=O)N1CCN([C@H]2C[C@@H](n3cc(-c4cccc(O)c4)c4c(N)ncnc43)C2)CC1,5.0,active
CHEMBL4864386,CC(=O)N1CCN([C@H]2C[C@@H](n3cc(-c4ccccc4O)c4c(N)ncnc43)C2)CC1,74.0,active
CHEMBL4855562,CC(=O)N1CCN([C@H]2C[C@@H](n3cc(-c4ccc(O)cc4)c4c(N)ncnc43)C2)CC1,9.0,active
CHEMBL4853155,CC(=O)N1CCN([C@H]2C[C@@H](n3cc(-c4ccc(Cl)c(O)c4)c4c(N)ncnc43)C2)CC1,0.73,active
CHEMBL4860822,COc1cc(-c2cn([C@H]3C[C@@H](N4CCN(C(C)=O)CC4)C3)c3ncnc(N)c23)ccc1Cl,76.0,active
CHEMBL4877264,CC(=O)N1CCN([C@H]2C[C@@H](n3cc(-c4ccc(Cl)c(N)c4)c4c(N)ncnc43)C2)CC1,0.85,active
CHEMBL4582651,CO[C@]1(C(=O)N[C@@H](C)c2ccc(-n3cc(F)cn3)nc2)CC[C@H](c2nc(C)cc(Nc3cc(C)[nH]n3)n2)CC1,0.78,active
CHEMBL4861957,Cc1cc(Nc2cc(C)[nH]n2)nc(C2CCC3(CC2)OCCN([C@@H](C)c2ccc(-n4cc(F)cn4)nc2)C3=O)n1,1.12,active
CHEMBL4845703,Cc1cc(Nc2cc(C)[nH]n2)nc(C2CCC3(CCCN([C@@H](C)c4ccc(-n5cc(F)cn5)nc4)C3=O)CC2)n1,0.9,active
CHEMBL4875034,Cc1cc(Nc2cc(C)[nH]n2)nc(N2CCC3(CC2)CCN([C@@H](C)c2ccc(-n4cc(F)cn4)nc2)C3=O)n1,1.58,active
CHEMBL4872605,Cc1cc(Nc2cc(C)[nH]n2)nc(N2CCC3(CCCN([C@@H](C)c4ccc(-n5cc(F)cn5)nc4)C3=O)CC2)n1,0.36,active
CHEMBL4870957,Cc1cc(Nc2cc(C)[nH]n2)nc(N2CCC3(CCCN([C@@H](C)c4cnc(-n5cc(F)cn5)cn4)C3=O)CC2)n1,0.68,active
CHEMBL4859281,Cc1cc(Nc2cc(C)[nH]n2)nc(N2CCC3(CCCN([C@@H](C)c4ccc(-n5cc(F)cn5)cc4F)C3=O)CC2)n1,1.39,active
CHEMBL4848545,Cc1cc(Nc2cc(C)[nH]n2)nc(N2CCC3(CC2)CCN(C(C)c2ccc(-n4cc(F)cn4)nc2)C3=O)n1,73.87,active
CHEMBL4859271,Cc1cc(Nc2cc(C)[nH]n2)nc(N2CCC3(CCCN(C(C)c4ccc(-n5cc(F)cn5)nc4)C3=O)CC2)n1,92.99,active
CHEMBL4846521,Cc1cc(Nc2cc(C)[nH]n2)nc(N2CCC3(CC2)OCCN([C@@H](C)c2ccc(-n4cc(F)cn4)nc2)C3=O)n1,1.29,active
CHEMBL4862303,Cc1cc(Nc2nc(N3CCC4(CC3)OCCN([C@@H](C)c3ccc(-n5cc(F)cn5)nc3)C4=O)ncc2F)n[nH]1,19.1,active
CHEMBL4846921,CCN1CCN(c2ccc(Nc3ncc4scc(-c5cccc(NS(C)(=O)=O)c5)c4n3)cc2)CC1,2.9,active
CHEMBL4876497,Cc1n[nH]c2ccc(-c3cc(N[C@@H](CO)c4ccccc4)cnc3Cl)cc12,1000.0,active
CHEMBL4097778,CN1C(=O)[C@@H](N2CCc3cn(CC4CCS(=O)(=O)CC4)nc3C2=O)COc2ccccc21,1000.0,active
CHEMBL5083224,Cc1cc(Nc2cc(N3CCOCC3)nc(Nc3ccc(CC(=O)Nc4ccc(C(C)C)cc4)cc3)n2)[nH]n1,160.13,active
CHEMBL5083534,Cc1cc(Nc2cc(N3CCOCC3)nc(Nc3ccc(CC(=O)Nc4ccc(C(C)(C)C)cc4)cc3)n2)[nH]n1,140.65,active
CHEMBL5081142,Cc1cc(Nc2cc(N3CCOCC3)nc(Nc3ccc(CC(=O)Nc4cc(C(C)(C)C)nn4C)cc3)n2)[nH]n1,102.14,active
CHEMBL5088213,Cc1cc(Nc2cc(-c3cnn(C)c3)nc(Nc3ccc(CC(=O)Nc4ccccc4F)cc3)n2)[nH]n1,245.95,active
CHEMBL5083904,Cc1cc(Nc2cc(-c3cnn(C)c3)nc(Nc3ccc(CC(=O)Nc4ccc(C(C)C)cc4)cc3)n2)[nH]n1,322.4,active
CHEMBL5078648,Cc1cc(Nc2cc(-c3cnn(C)c3)nc(Nc3ccc(CC(=O)Nc4cc(C(C)(C)C)nn4C)cc3)n2)[nH]n1,260.15,active
CHEMBL5073056,Cc1cc(Nc2cc(-c3cnn(CCN4CCOCC4)c3)nc(Nc3ccc(CC(=O)Nc4cccc(F)c4)cc3)n2)[nH]n1,138.0,active
CHEMBL5075735,Cc1cc(Nc2cc(-c3cnn(CCN4CCOCC4)c3)nc(Nc3ccc(CC(=O)Nc4ccc(C(C)C)cc4)cc3)n2)[nH]n1,102.51,active
CHEMBL5093178,Cc1cc(Nc2cc(-c3cnn(CCN4CCOCC4)c3)nc(Nc3ccc(CC(=O)Nc4ccc(C)c(F)c4)cc3)n2)[nH]n1,116.1,active
CHEMBL5078934,Cc1cc(Nc2cc(-c3cnn(CCN4CCOCC4)c3)nc(Nc3ccc(CC(=O)Nc4ccccc4F)cc3)n2)[nH]n1,92.97,active
CHEMBL5078777,Cc1cc(Nc2cc(-c3cnn(CCN4CCOCC4)c3)nc(Nc3ccc(CC(=O)Nc4cc(C(C)(C)C)nn4C)cc3)n2)[nH]n1,189.57,active
CHEMBL5092920,Cc1cc(Nc2cc(-c3cnn(CCN(C)C)c3)nc(Nc3ccc(CC(=O)Nc4cccc(F)c4)cc3)n2)[nH]n1,18.77,active
CHEMBL5081199,Cc1cc(Nc2cc(-c3cnn(CCN(C)C)c3)nc(Nc3ccc(CC(=O)Nc4ccc(C(C)C)cc4)cc3)n2)[nH]n1,28.11,active
CHEMBL5089027,Cc1cc(Nc2cc(-c3cnn(CCN(C)C)c3)nc(Nc3ccc(CC(=O)Nc4ccccc4F)cc3)n2)[nH]n1,13.09,active
CHEMBL5087283,Cc1cc(Nc2cc(N3CCN(C)CC3)nc(Nc3ccc(CC(=O)Nc4ccc(C(C)C)cc4)cc3)n2)[nH]n1,5.07,active
CHEMBL5089911,Cc1cc(Nc2cc(N3CCN(C)CC3)nc(Nc3ccc(CC(=O)NC4CC4)cc3)n2)[nH]n1,7.53,active
CHEMBL5078090,Cc1cc(Nc2cc(N3CCN(C)CC3)nc(Nc3ccc(CC(=O)Nc4ccc(F)cc4)cc3)n2)[nH]n1,6.43,active
CHEMBL5070593,Cc1cc(Nc2cc(N3CCN(C)CC3)nc(Nc3ccc(CC(=O)Nc4cccc(F)c4)cc3)n2)[nH]n1,6.2,active
CHEMBL5073804,Cc1cc(Nc2cc(N3CCN(C)CC3)nc(Nc3ccc(CC(=O)NCc4cccc(F)c4)cc3)n2)[nH]n1,6.01,active
CHEMBL5084023,Cc1cc(Nc2cc(N3CCN(C)CC3)nc(Nc3ccc(CC(=O)N[C@H](C)c4ccccc4)cc3)n2)[nH]n1,41.29,active
CHEMBL5074882,Cc1cc(Nc2cc(N3CCN(C)CC3)nc(Nc3ccc(CC(=O)N[C@@H](C)c4ccccc4)cc3)n2)[nH]n1,5.45,active
CHEMBL5078263,CCN1CCN(c2cc(Nc3cc(C)n[nH]3)nc(Nc3ccc(CC(=O)Nc4ccc(C(C)C)cc4)cc3)n2)CC1,66.58,active
CHEMBL5094196,CCN1CCN(c2cc(Nc3cc(C)n[nH]3)nc(Nc3ccc(CC(=O)NCc4cccc(F)c4)cc3)n2)CC1,12.41,active
CHEMBL5086966,CCN1CCN(c2cc(Nc3cc(C)n[nH]3)nc(Nc3ccc(CC(=O)NCc4ccc(OC)cc4)cc3)n2)CC1,13.45,active
CHEMBL5075257,Cc1cc(Nc2cc(N3CCN(CCO)CC3)nc(Nc3ccc(CC(=O)NC4CC4)cc3)n2)[nH]n1,22.1,active
CHEMBL5080296,Cc1cc(Nc2cc(N3CCN(CCO)CC3)nc(Nc3ccc(CC(=O)NCc4cccc(F)c4)cc3)n2)[nH]n1,5.82,active
CHEMBL5093057,Cc1cc(Nc2cc(N3CCN(CCN4CCOCC4)CC3)nc(Nc3ccc(CC(=O)NC4CC4)cc3)n2)[nH]n1,8.31,active
CHEMBL5079216,Cc1cc(Nc2cc(N3CCN(CCN4CCOCC4)CC3)nc(Nc3ccc(CC(=O)Nc4ccc(C(C)C)cc4)cc3)n2)[nH]n1,15.87,active
CHEMBL5087974,CC(C)c1ccc(NC(=O)Cc2ccc(Nc3nc(Nc4cc(C5CC5)n[nH]4)cc(N4CCN(C)CC4)n3)cc2)cc1,24.7,active
CHEMBL5094848,CN1CCN(c2cc(Nc3cc(C4CC4)n[nH]3)nc(Nc3ccc(CC(=O)NC4CC4)cc3)n2)CC1,7.27,active
CHEMBL5085579,CN1CCN(c2cc(Nc3cc(C4CC4)n[nH]3)nc(Nc3ccc(CC(=O)NCc4cccc(F)c4)cc3)n2)CC1,10.52,active
CHEMBL5071633,CC(C)c1ccc(NC(=O)Cc2ccc(Nc3nc(Nc4cc(C(C)(C)C)n[nH]4)cc(N4CCN(C)CC4)n3)cc2)cc1,146.6,active
CHEMBL5074502,CN1CCN(c2cc(Nc3cc(C(C)(C)C)n[nH]3)nc(Nc3ccc(CC(=O)NC4CC4)cc3)n2)CC1,212.3,active
CHEMBL5080275,CN1CCN(c2cc(Nc3cc(C(C)(C)C)n[nH]3)nc(Nc3ccc(CC(=O)NCc4cccc(F)c4)cc3)n2)CC1,252.25,active
CHEMBL4559134,COc1ccc(CN2C3CC2CN(c2ccc(-c4cc(OCC(C)(C)O)cn5ncc(C#N)c45)cn2)C3)cn1,1.24,active
CHEMBL3115681,CN1CCN(c2ccc(Nc3ncc4cc(C#N)c(=O)n(C5CCCC5)c4n3)cc2)CC1,9.2,active
CHEMBL384575,CO[C@H](C(=O)N1Cc2[nH]nc(NC(=O)c3ccc(N4CCN(C)CC4)cc3)c2C1)c1ccccc1,25.0,active
CHEMBL5188373,COCC1CN(C2CCN(c3cc(OC)c(Nc4ncc(Br)c(Nc5ccc6c(c5P(C)(C)=O)OCCO6)n4)cc3C)CC2)C1,7.8,active
CHEMBL4781746,Cl.O=C1Nc2ccccc2/C1=C1/Nc2ccccc2/C1=N\OCCN1CCNCC1,4.42,active
CHEMBL1946170,CNC(=O)c1cc(Oc2ccc(NC(=O)Nc3ccc(Cl)c(C(F)(F)F)c3)c(F)c2)ccn1,1.5,active
CHEMBL5201128,COc1cc2nccc(Oc3ccc(NC(=O)C4(C(=O)NC5CC5)CC4)c(Cl)c3)c2cc1C(N)=O,1.5,active
CHEMBL5201102,COC(=O)c1ccc2c(C(Nc3ccc(N(C)C(=O)CN4CCN(C)CC4)cc3)c3ccccc3)c(O)[nH]c2c1,2.0,active
CHEMBL2029988,COc1cc2ncnc(Oc3cccc(NC(=O)Nc4cc(C(C)(C)C(F)(F)F)on4)c3)c2cc1OC,7.0,active
CHEMBL5171764,COC1(C(=O)N[C@@H](C)c2ccc(-n3cc(F)cn3)nc2)CCC(c2nc(C)cc(Nc3cc(C)[nH]n3)n2)CC1,0.4,active
CHEMBL5182567,C=CC(=O)Nc1ccc2ncnc(Nc3ccc4[nH]cc(Br)c4c3)c2c1,10000.0,inactive
CHEMBL5208454,O=C(CCCl)Nc1ccc2ncnc(Nc3ccc4[nH]cc(Br)c4c3)c2c1,10000.0,inactive
CHEMBL1173655,CN(C)C/C=C/C(=O)Nc1cc2c(Nc3ccc(F)c(Cl)c3)ncnc2cc1O[C@H]1CCOC1,10000.0,inactive
CHEMBL5186048,CC(C)c1cccc2cc(/C=C/c3cccc(C(=O)Nc4ccc(CN5CCN(C)CC5)c(C(F)(F)F)c4)c3)cnc12,9800.0,intermediate
CHEMBL5174897,CCCc1cccc2cc(/C=C\c3cccc(C(=O)Nc4ccc(CN5CCN(C)CC5)c(C(F)(F)F)c4)c3)cnc12,500000.0,inactive
CHEMBL5206567,CCCc1cccc2cc(/C=C/c3cccc(C(=O)Nc4ccc(CN5CCN(C)CC5)c(C(F)(F)F)c4)c3)cnc12,5600.0,intermediate
CHEMBL5193272,CCc1cccc2cc(/C=C\c3cccc(C(=O)Nc4ccc(CN5CCN(C)CC5)c(C(F)(F)F)c4)c3)cnc12,25000.0,inactive
CHEMBL5183486,CCc1cccc2cc(/C=C/c3cccc(C(=O)Nc4ccc(CN5CCN(C)CC5)c(C(F)(F)F)c4)c3)cnc12,1700.0,intermediate
CHEMBL5206370,Cc1cccc2cc(/C=C\c3cccc(C(=O)Nc4ccc(CN5CCN(C)CC5)c(C(F)(F)F)c4)c3)cnc12,12600.0,inactive
CHEMBL5182833,Cc1cccc2cc(/C=C/c3cccc(C(=O)Nc4ccc(CN5CCN(C)CC5)c(C(F)(F)F)c4)c3)cnc12,257.0,active
CHEMBL5188742,CC(C)c1cccc2cc(/C=C\c3cccc(C(=O)Nc4ccc(CN5CCN(C)CC5)c(C(F)(F)F)c4)c3)cnc12,500000.0,inactive
CHEMBL5179230,COc1c(/C=C/c2cccc(C(=O)Nc3ccc(CN4CCN(C)CC4)c(C(F)(F)F)c3)c2)cnc2ccccc12,12.4,active
CHEMBL5198379,COc1c(/C=C\c2cccc(C(=O)Nc3ccc(CN4CCN(C)CC4)c(C(F)(F)F)c3)c2)cnc2ccccc12,1800.0,intermediate
CHEMBL5200195,CN1CCN(Cc2ccc(NC(=O)c3cccc(/C=C/c4cnc5ccccc5c4N(C)C)c3)cc2C(F)(F)F)CC1,98.0,active
CHEMBL5197023,CN1CCN(Cc2ccc(NC(=O)c3cccc(/C=C\c4cnc5ccccc5c4N(C)C)c3)cc2C(F)(F)F)CC1,2400.0,intermediate
CHEMBL5182347,CN1CCN(Cc2ccc(NC(=O)c3cccc(/C=C/c4cnc5ccccc5c4N4CCCC4)c3)cc2C(F)(F)F)CC1,66.0,active
CHEMBL5206634,CN1CCN(Cc2ccc(NC(=O)c3cccc(/C=C\c4cnc5ccccc5c4N4CCCC4)c3)cc2C(F)(F)F)CC1,22000.0,inactive
CHEMBL5208770,CN1CCN(Cc2ccc(NC(=O)c3cccc(/C=C/c4cnc5ccccc5c4Nc4ccccc4)c3)cc2C(F)(F)F)CC1,23000.0,inactive
CHEMBL5192538,CN1CCN(Cc2ccc(NC(=O)c3cccc(/C=C\c4cnc5ccccc5c4Nc4ccccc4)c3)cc2C(F)(F)F)CC1,49000.0,inactive
CHEMBL5178384,CC(C)n1nc(-c2ccc(NC(=O)Nc3cc(C(F)(F)F)ccc3F)cc2)c2c(N)ncnc21,1.3,active
CHEMBL5191715,COc1c(/N=N/c2cccc(C(=O)Nc3ccc(CN4CCN(C)CC4)c(C(F)(F)F)c3)c2)cnc2ccccc12,24.0,active
CHEMBL5184072,CN1CCN(Cc2ccc(NC(=O)c3ccc(F)c(/N=N/c4cnc5ccccc5c4)c3F)cc2C(F)(F)F)CC1,11.0,active
CHEMBL5189744,CN1CCN(Cc2ccc(NC(=O)c3cccc(/N=N/c4cnc5ccccc5c4)c3)cc2C(F)(F)F)CC1,9.5,active
CHEMBL5200720,CN1CCN(Cc2ccc(NC(=O)c3cccc(/N=N\c4cnc5ccccc5c4)c3)cc2C(F)(F)F)CC1,15.0,active
CHEMBL5200675,CN1CCN(Cc2ccc(NC(=O)c3cccc(/C=C/c4cnc5ccccc5c4)c3)cc2C(F)(F)F)CC1,7.8,active
CHEMBL5203860,CN1CCN(Cc2ccc(NC(=O)c3cccc(/C=C\c4cnc5ccccc5c4)c3)cc2C(F)(F)F)CC1,900.0,active
CHEMBL5193068,COc1c(/N=N\c2cccc(C(=O)Nc3ccc(CN4CCN(C)CC4)c(C(F)(F)F)c3)c2)cnc2ccccc12,363.0,active
CHEMBL5185302,CN1CCN(Cc2ccc(NC(=O)c3ccc(F)c(/N=N\c4cnc5ccccc5c4)c3F)cc2C(F)(F)F)CC1,17.0,active
CHEMBL5180040,CN1CCN(Cc2ccc(NC(=O)c3cccc(/N=N/c4cnc5[nH]ccc5c4)c3)cc2C(F)(F)F)CC1,3.0,active
CHEMBL3134157,Cc1cc(CS(=O)(=O)c2ccccc2)cc(OCc2ccc(CN3CCC[C@@H]3CO)cc2)c1,10000.0,inactive
CHEMBL5175977,Cc1cc(OCc2ccc(CN3CCC[C@@H]3CO)cc2)cc(CS(=O)(=O)c2ccccc2)c1Br,10000.0,inactive
CHEMBL3990456,Cn1cc(-c2[nH]c3cc(NC(=O)[C@H](N)C4CCCCC4)cc4c3c2C=NNC4=O)cn1,39.0,active
CHEMBL5288067,O=C(Cc1ccc(-n2cnc3cc(-c4ccsc4)ccc32)cc1)Nc1cccc(C(F)(F)F)c1,1.0,active
CHEMBL5276538,CC(C)(C)n1nc(-c2ccc(NC(=O)c3cc(C(F)(F)F)ccc3F)cc2)c2c(N)ncnc21,4.0,active
CHEMBL1995703,Cc1cnc(Nc2ccc(N3CCN(C)CC3)cc2)nc1Nc1cccc(S(=O)(=O)NC(C)(C)C)c1,17.0,active
CHEMBL5275850,COc1cc2nccc(Oc3ccc(Nc4nn(C)cc4C(=O)NC4CCCCC4)cc3)c2cc1C(N)=O,17.2,active
CHEMBL5275312,COc1cc2nccc(Oc3ccc(Nc4nn(C)cc4C(=O)NCC(C)C)cc3)c2cc1C(N)=O,281.0,active
CHEMBL5274689,COc1cc2nccc(Oc3ccc(Nc4nn(C)cc4C(=O)NC4CCCC4)cc3)c2cc1C(N)=O,169.0,active
CHEMBL5279334,COc1cc2nccc(Oc3ccc(Nc4nn(C)cc4C(=O)NC4CCCCCCC4)cc3)c2cc1C(N)=O,10.7,active
CHEMBL5284208,COc1cc2nccc(Oc3ccc(Nc4nn(C)cc4C(=O)NC45CC6CC(CC(C6)C4)C5)cc3)c2cc1C(N)=O,15.5,active
CHEMBL5280596,COc1cc2nccc(Oc3ccc(Nc4nn(C)cc4C(=O)NC45CCC(CC4)CC5)cc3)c2cc1C(N)=O,13.8,active
CHEMBL5284865,COc1cc2nccc(Oc3ccc(Nc4nn(C)cc4C(=O)N4CCCCC4)cc3)c2cc1C(N)=O,10000.0,inactive
CHEMBL5286410,COc1cc2nccc(Oc3ccc(Nc4nn(C)cc4C(=O)N4CCCC5CCCCC54)cc3)c2cc1C(N)=O,10000.0,inactive
CHEMBL5272928,COc1cc2nccc(Oc3ccc(Nc4nn(C)cc4C(=O)NCC4CCCCC4)cc3)c2cc1C(N)=O,28.3,active
CHEMBL5282607,COc1cc2nccc(Oc3ccc(Nc4nn(C)cc4C(=O)NCC4CCCO4)cc3)c2cc1C(N)=O,1063.0,intermediate
CHEMBL5288736,COc1cc2nccc(Oc3ccc(Nc4nn(C)cc4C(=O)Nc4ccccc4)cc3)c2cc1C(N)=O,151.0,active
CHEMBL5278993,COc1cc2nccc(Oc3ccc(Nc4nn(C)cc4C(=O)Nc4ccc(F)cc4)cc3)c2cc1C(N)=O,10000.0,inactive
CHEMBL5290506,COc1cc2nccc(Oc3ccc(Nc4nn(C)cc4C(=O)Nc4cccc(F)c4)cc3)c2cc1C(N)=O,10000.0,inactive
CHEMBL5278045,COc1cc2nccc(Oc3ccc(Nc4nn(C)cc4C(=O)Nc4ccccc4F)cc3)c2cc1C(N)=O,10000.0,inactive
CHEMBL5287431,COc1cc2nccc(Oc3ccc(Nc4nn(C)cc4C(=O)NCc4ccccc4)cc3)c2cc1C(N)=O,2512.0,intermediate
CHEMBL5284668,COc1cc2nccc(Oc3ccc(Nc4nn(C)cc4C(=O)NOCc4ccccc4)cc3)c2cc1C(N)=O,2278.0,intermediate
CHEMBL5291008,COc1cc2nccc(Oc3ccc(Nc4nn(C)cc4C(=O)NC45CC6CC(CC(C6)C4)C5)c(F)c3)c2cc1C(N)=O,13.7,active
CHEMBL5285965,COc1cc2nccc(Oc3ccc(Nc4nn(C)cc4C(=O)NC45CC6CC(CC(C6)C4)C5)cc3F)c2cc1C(N)=O,234.0,active
CHEMBL5269214,COc1cc2nccc(Oc3ccc(Nc4nn(C)cc4C(=O)NC45CC6CC(CC(C6)C4)C5)c(Cl)c3)c2cc1C(N)=O,16.4,active
CHEMBL5270601,COc1cc2nccc(Oc3ccc(Nc4nn(C)cc4C(=O)NC45CC6CC(CC(C6)C4)C5)c(C#N)c3)c2cc1C(N)=O,14.7,active
CHEMBL5279026,COc1cc2nccc(Oc3ccc(Nc4nn(C)cc4C(=O)NC45CC6CC(CC(C6)C4)C5)c(C)c3)c2cc1C(N)=O,40.5,active
CHEMBL5287259,COc1cc(Oc2ccnc3cc(OC)c(C(N)=O)cc23)ccc1Nc1nn(C)cc1C(=O)NC12CC3CC(CC(C3)C1)C2,45.9,active
CHEMBL5273620,CNC(=O)c1cc2c(Oc3ccc(Nc4nn(C)cc4C(=O)NC45CC6CC(CC(C6)C4)C5)cc3F)ccnc2cc1OC,64.3,active
CHEMBL5289571,COc1cc2nccc(Oc3ccc(Nc4nn(C)cc4C(=O)NC45CC6CC(CC(C6)C4)C5)cc3F)c2cc1C#N,136.0,active
CHEMBL5268831,Cn1cc(C(=O)NC23CC4CC(CC(C4)C2)C3)c(Nc2ccc(Oc3ccnc4cc(OCCN5CCOCC5)c(C(N)=O)cc34)c(F)c2)n1,11.2,active
CHEMBL5284144,Cn1cc(C(=O)NC23CC4CC(CC(C4)C2)C3)c(Nc2ccc(Oc3ccnc4cc(OCCCN5CCOCC5)c(C(N)=O)cc34)c(F)c2)n1,12.0,active
CHEMBL4080062,O=C(Nc1cccc(C(F)(F)F)c1)c1cccc2cc(Oc3cc(CO)ncn3)ccc12,30.0,active
CHEMBL4104297,Nc1nccc(Oc2ccc3c(C(=O)Nc4cccc(C(F)(F)F)c4)cccc3c2)n1,30.0,active
